,0,1,2,3,4,5,6,7,8,9,10,11,12,13,14,15,16,17,18,19,20,21,22,23,24,25,26,27,28,29,30,31,32,33,34,35,36,37,38,39,40,41,42,43,44,45,46,47,48,49
GEDIV__1,-0.3328594864011451,0.08416604841289108,-0.029489766734577427,-0.9784266203659554,-0.18480672520829888,-1.4910069992409962,-0.4557834406678302,-0.5382891914883213,1.0590341324944827,-0.2968890366813983,-3.006043326304409,1.8537377616617878,-0.4250976350617514,-0.2689576637484693,-0.013488468022788616,0.09315521592823864,-0.04409858041345457,0.16945494597972466,-0.18884382651469728,0.013026773471989548,0.18938476557683098,0.08988420748466434,0.1303243365480828,0.03373336465790559,-0.03787585265484303,-0.18754835184819857,0.02120960201791379,-0.013313913126897474,0.031910374006450845,-0.07138107868563441,0.00232350561234824,0.03200407998244153,-0.06618290594267165,0.01271537777465932,0.007029930070728018,-0.055981519780759784,-0.013605662619634265,0.03124276532950918,0.06222393899215559,-0.00526147443295851,0.0301965736071965,0.041113702873237144,-0.013567977572214205,-0.006898913511364433,0.03764699374080928,0.010507431088498113,-0.019758675016660572,-0.006870110797346828,-0.00569857890293876,0.02685254738014872
GEDIV__2,-0.042102526615128345,-0.0666812428688746,0.2238535298256786,-1.1888426722701668,0.5795099001511185,0.04179447901995918,-1.3921896162640404,-0.8309811432590654,0.8794007059090975,0.9055783363520198,1.4531385961137082,0.23987509495523013,0.21324463449083916,-0.352558644692704,0.18557101602523848,-0.028388115938611305,-0.11852517325623435,0.11807488234910951,-0.08080091023745917,-0.17592365329589987,0.31234097350972845,0.004117954018619738,0.15895375955315622,0.002597110580545907,0.21937025567305665,-0.11106073116937763,0.03188872222223444,0.04981861506396912,-0.011117187736512107,-0.02625548831698513,0.002143443747684492,0.05448413362362813,-0.05064341318992577,0.03804165478584321,0.01203002718958964,-0.04706622764137528,-0.03795956525496083,0.008586398246535855,0.012702015334158913,-0.0045901868477280575,-0.0007569041645160864,-0.009829831669680694,-0.027702132734143143,0.007028279513005197,0.017458355121668552,-0.00929661886550726,-0.026174665918270532,-0.012799167233137395,0.005485485052895336,-0.0008799331618216693
GEDIV__3,-0.33775379965858926,0.5597617871164722,-0.17793701323374678,0.18268545125098612,0.6068989328575508,-0.173228492943344,-0.5616090731655444,0.30757211156431774,-1.8629295719633805,-0.4957338403477717,0.2265355202599695,0.6367035883296593,-0.08216118191160672,-0.3615939581985449,-0.25429996266284227,0.21614532022493488,-0.04209540893916196,-0.10957502390167564,0.16867244710444249,-0.04502431711019925,-0.22913646708042365,0.07376477231871326,0.049880030804520775,-0.008448416257326619,0.09696593052153561,-0.07948313565909906,-0.04626218611367279,0.017701413282110213,0.0702101933272402,0.012638548978375132,0.0047662852831178845,-0.018213782786320895,0.024024878261244914,0.020971001652512086,-0.020248793797765004,-0.023372632891990156,-0.01099342430435645,-0.0007596924236803802,0.013526432447151137,-0.006240212218988883,0.004688007533450527,0.022232261624148732,-0.0037753003116010706,0.0264194997831558,0.02801432662951593,-0.012146987704280753,-0.0025998226004834814,-0.01720204458473848,0.00831049086749927,-0.003296362281551503
GEDIV__4,-0.3666085694800484,0.6725118200656699,-0.41171388543319937,1.0028677219386672,1.3249083959712935,-0.48448084791018203,0.20933431318333448,1.1430912769710446,1.030083169343653,1.2282741254122673,-0.5247433250281981,-1.3449739888021235,-0.3972537204390494,-0.7151151335558452,-0.30955693748892366,0.18346465276343465,0.052330461127854756,-0.1600135595566511,0.21058732303307007,0.02287915298415337,-0.4874673564294159,0.020561215948406812,-0.0998981950231162,0.09028681379271905,0.03704001165407571,0.058528407381658994,-0.05598540318139627,-0.08354208730657432,0.10621212467159448,-0.007706058853266879,0.05579442884281434,0.0321264123464104,-0.018525571783059098,-0.012642148347973187,-0.005613322180985737,-0.043944129819153535,-0.009230623252691117,-0.045880793958328746,0.005898703482171316,-0.03297285140784755,-0.0073326296602465495,0.021252617376855763,-0.01208923386768774,0.031221089412779922,0.016262374631411097,0.010320708926728159,-0.014174213211684349,-0.02040727230574828,-0.0025663281596877193,0.018035531117458228
GEDIV__5,0.32228824704453496,0.06706041283626776,-0.5542995362592296,-0.5064514625486878,-0.7737442671660584,0.9205678954055435,-0.06623102938892185,1.1962488543438048,0.44679511962362506,-0.5965014882468834,0.051534872110575475,-0.03179623030609027,-0.19891456289175818,0.30253135017900595,0.2568120854430237,0.04629327959295829,-0.0021724959585655203,0.10631234002111066,0.0017757366665720458,-0.07554415110304791,-0.05890369884173479,-0.09435619943490724,0.08221129612307908,0.017843424570327875,0.0916312013920586,-0.054593756846852054,0.02652130337626751,0.005541664468355432,-0.07633031487415415,0.011857860265527858,-0.05285434220492533,-0.04144551688556711,-0.038609979592674926,0.04271709096989908,0.008131770237888122,0.08564107993584466,-0.0013119173132984292,0.03503838809963777,0.001014027015137957,0.027421885596677492,-0.015982446387502913,-0.028423631176236818,-0.015985632877242046,-0.04417694518472701,-0.045965350438419296,-0.00475098522967912,-0.00810890436249023,0.017656235035767732,0.007616480638193192,-0.0211841104214818
GEDIV__6,0.0907683931497849,0.8627977993428504,-1.1717280991597026,0.7033945438469775,0.08017359568889226,1.4341419110829834,1.103871733321538,-2.3380103776294248,0.3223393743300297,-0.1403636421237658,-0.25496079792138465,0.18267359038068443,0.6294968536731841,0.04509785796152262,-0.10064484868827162,0.3917002581717833,0.26039067615607386,0.0011459574007993288,0.1040749264339232,-0.09198155373083004,-0.6922486145773813,-0.17034906811903142,-0.031666230720346966,0.07210445243853995,0.13332100475327255,0.08169269693230104,-0.11935545707063194,-0.039139478528432664,-0.024701364389548574,0.02722141295460499,-0.05956212062272181,-0.011931575657123168,-0.048608479944118176,0.023991737428321357,0.02395524917013127,0.06456525841236661,0.008349081605474526,0.04863701662216507,-0.020497034696911248,0.006922090053284879,0.020808944062367874,0.032644473154521396,-0.043395973280861366,-0.012830784845405927,-0.044015234286101,0.010442234141932252,-0.0024726610868340236,0.027217132852909484,-0.0004057297951944152,-0.01118917782481036
GEDIV__7,0.3652843386122821,-0.2449315626153651,0.2839499743829666,0.6130299053052626,-1.634882561499003,-0.436973501004462,-0.030482769916961062,-0.2196281654857683,-0.7477710433375139,1.6536068862304898,-0.09551831204644803,-0.11121444108437929,0.00304001282574299,0.39784729323412826,0.027559050439333543,-0.1918988326419187,0.11823802984982194,-0.013863690167574315,-0.19445262598494611,0.3703987302617318,0.08319487601326848,0.10687011751069471,-0.06576875178177734,0.007717190810265414,-0.15626652347254488,0.046377280593324896,0.06400359711289168,0.010974685867968915,-0.04835148311203357,0.08847617648550075,0.012696367835078243,-0.04931123458167754,0.06766026119386433,-0.04106751058864992,-0.008400084935389497,0.053460918886149025,0.05850312219806146,0.01636012095423434,-0.016207175390613053,0.0037873415195866364,0.014286133403401556,-0.00030394008126770626,0.016990192068645372,-0.029989189753594415,-0.020270194443170048,-0.001038206044014333,-0.008291733654689324,0.03286184810879583,-0.013166980685154967,-0.017476005070410836
GEDIV__8,0.06305273959390446,-0.25244743500651035,0.44253412843604367,1.1873182044978114,-0.4912912995327219,-1.5267862784374138,0.16021863242089132,-0.42373761404699095,0.9352359492369077,-1.823736098716651,1.1735787853510211,-0.19497136037565285,-0.2178193232146174,-0.011168871702113592,-0.2556308710324469,-0.0728464962486575,0.20707582522440166,-0.10528096459471925,-0.1694932736436925,0.35599616439119974,0.03798607198634782,0.18256543233387176,-0.2425690007655251,-0.05792785742681012,-0.2561832427594072,0.09871686614479692,-0.02265830576104109,-0.01571086716887625,0.011141996956026844,-0.020347554247316945,0.018920681142539506,-0.033149608082235237,0.020802397006058636,-0.04081200950337497,0.00960274838089792,-0.01662298597634178,0.016438586706952252,-0.027704476106682318,-0.012972939594612092,0.00848398144824534,0.00968743604362575,-0.00808137341678239,0.05221115975708695,0.020299302939275295,-0.015287733484995191,0.012798529898125452,-3.6388635447222014e-05,-0.02299101436856033,-0.00406660669582436,0.03456310272868554
GEDIV__9,-0.08157446320487441,-0.9960999494657701,0.9594003658239064,-0.43315048140053886,0.7816338008324422,0.323925147004959,0.9717811013923243,-0.09517146688089902,-0.36542205522229726,-0.1813106970405101,-0.3856635300478318,-0.5026361810688385,0.3471673094186836,0.3624966131732023,0.14598096546294936,-0.35336956494067934,-0.21309152457610459,-0.004328912754049997,0.03853155006021177,-0.2024687984324899,0.4975516351275773,-0.10379308488370881,-0.039461166954139475,-0.08010017714612899,-0.14801338426604557,0.11405941030574929,0.03156185633991695,0.011330634881946387,0.00606301104517966,-0.048059386101164385,0.03228265769507324,0.06190510605162251,0.047062802384772395,-0.048673016013711684,-0.007762428005207095,-0.06545758859546504,-0.010948481997200943,-0.0507639601526723,-0.01707841799688293,-0.014442062489895258,-0.016846439629982918,-0.016076934889499406,0.0293072644487058,0.02540960356712512,0.03838742788919191,0.0028560055780095985,0.05003744407512275,-0.007807838280174806,-0.004458492889966905,0.00909504881037425
GESTFIPS__1,0.034932343947092874,0.9436372954557452,-1.2323675947256476,0.6512276546353762,-0.016473896976045777,1.4603500694533473,1.1451180739307678,-2.3430810293517363,0.33197584053708556,-0.13907596677301043,-0.24121910051176154,0.13700792234015785,0.6613453391391361,0.07800443899945694,-0.21453454089629584,0.4131738296025044,0.08134589223055552,-0.11368389819074773,-0.018135875920856893,-0.23487467122620478,-0.5193508151138451,0.002081168415321476,-0.2832435137074978,-0.0912087226691972,-0.04419073279712188,-0.1948508135275264,0.18041515194748192,-0.16449891303274036,0.4699284357746041,-0.1918539379657939,0.06952902503750528,-0.4229489667099987,-0.13814675247143085,0.09916507498374474,0.34065629697718547,0.23155987954836058,0.3682468651222883,-0.3497405420305214,-0.5625840857543908,0.3784940968289729,0.3317370332755959,-0.19344013830320478,-0.5213313798723807,0.7827328283724808,0.38488949678661666,-0.7386535811710266,0.3172369161496452,0.461690054145044,-0.7026289333233111,-0.04009376771190616
GESTFIPS__2,-0.39104351397331955,-0.3713988895613789,0.9390744221299933,-0.11555470681354538,0.8392197197021924,0.2956867578893455,1.0388350797191708,-0.12129846643472571,-0.2729481429446024,-0.27593185294966066,-0.39326200220660584,-0.634055116562044,0.5187144076452153,0.9250786306680463,1.157243194953773,-0.5077691790009421,-1.5262643664731264,0.4980145279774128,0.013025028029032838,-0.2307985975583932,1.4036796417688042,1.3394870677281119,0.7223928800559796,0.8735914690364579,-1.0216644440877427,-1.5530769989624718,-0.011830670669934934,3.416428488998224,2.6594480004484535,5.573801558176824,1.6423268656428187,3.5375728600668044,-0.524893675804204,1.7907777923272632,-0.7937607230694894,3.193048961195824,0.657485650863696,0.6485464252875364,1.2751071988317448,-0.36539631403602435,2.2708570727791693,1.6443653365647874,-0.45817550787223654,-1.1898319710646699,0.3972991441341201,-0.3353150089093953,1.4719657539370663,-0.9260666276095249,0.527324573310886,1.9872512238313997
GESTFIPS__4,0.20671226206060916,-0.39251564363393426,0.6419455134319356,1.1720349577553875,-0.6508885748887152,-1.6384462891249059,0.24269119822988675,-0.4186817239933391,0.9607278747386423,-1.7770918360333166,1.2491540997135349,-0.07446160147121722,-0.3180452164611939,-0.0818018500734278,-0.25522118368027097,-0.13531601080192399,-0.0721123018539736,0.010433898263778265,0.25932745239675836,-0.2453127324141966,-0.831836988053369,0.004337997039996717,0.07516222156121288,-0.11780989167871776,-0.16713374064199826,0.31852604999345546,-0.15723542351532607,-0.44554320907491435,-0.42983860526632,-0.14550511054979248,-0.42752946854132606,-0.10084516691825074,0.36134901959621085,0.3687867979658283,0.5098085583480854,-1.045059604300165,0.22213021211671508,-0.9100819391162969,-0.3538551365601806,0.22880887667420036,0.036765551107040044,-0.3566542860948742,-0.23225605107315167,-0.42367999891884134,0.5346423223390854,-1.4368726243705918,0.3697249143485516,0.10058599710622503,0.5986600228167629,-0.18827730676464507
GESTFIPS__5,0.2566803589762875,0.11124702177034838,0.07681115964967163,0.6980827403040679,-1.423356907717367,-0.324594370561142,-0.03601259751386628,-0.22177538864840587,-0.7494843802522535,1.629478226643946,-0.1339896297402015,-0.12116506857901117,-0.03299933435928196,0.357685983371359,0.31066941189219854,-0.3796176042922001,0.1797474135151969,-0.0325226171131026,-0.7365438333041894,0.7307471828479559,1.2589226133950273,0.4001145792662726,-0.3711962092089451,-0.2408665605858138,-0.5993956918106134,-0.22240102351733987,0.6246909405595509,0.5353663748326295,-0.7469441681331034,-1.073581090735201,0.49573340565058444,0.15754384124552798,1.1427010166003808,-0.8486691053404253,0.0964903270252916,0.9487276327756533,1.4782182627201408,-1.142300721377531,1.1181097572000671,-0.5505544532172179,0.8848182463230656,0.33688029384311186,0.5148642085452884,0.4526383700188155,-0.26984510603443757,-0.7646335835517705,-0.7300775323902069,1.4240433552922245,1.847448943199897,-1.2428012413627585
GESTFIPS__6,-0.011805523799878462,-1.1844691663630058,0.99782619614525,-0.4361687583912976,0.7521767133813753,0.35044269859725774,0.9111887513010466,-0.10567856819595783,-0.3741620797408011,-0.17436950879856805,-0.40279480092080816,-0.512375767528556,0.30766386305696597,0.28812562766542166,-0.060309400834161496,-0.10537280151014804,0.0556466425500451,-0.01008172383930542,0.158649749937621,-0.46174619740415296,0.3487845519417135,-0.23845556795534426,-0.06011772584211289,-0.04045301233063555,-0.3107727199279593,-0.05477664426192063,0.05952667099667314,-0.230434230151015,-0.040740217945299036,-0.19211756682919656,0.2528801165864894,0.0435598992504621,-0.10587138768418748,-0.08967123048167575,0.1154168129075373,0.05569446459956588,0.057037015331783486,-0.03850198901139381,-0.3042548926952027,-0.15774293412140625,-0.33314770360361856,-0.06389677704945079,0.1734448598620788,0.15122705900827743,-0.05773264431022529,-0.07760770886406988,0.04374102395885047,0.1938070810028167,-0.08049057289420083,0.13553555032947276
GESTFIPS__8,0.12380881922097615,-0.1607431371351845,0.36462986392373903,1.0888818656502373,-0.31874584646605464,-1.5226414323906896,0.16415249341723895,-0.39531585693425436,0.8889281994695508,-1.8373590283504788,1.1265284384641072,-0.2812633066304262,-0.15533874547204796,0.0022168491717942905,-0.2944062299644861,0.13749546621305564,0.7798338782938116,-0.15614877337558916,-0.6341977928933967,0.8115898617713893,0.43896429918287594,0.1930921902206903,-0.46520278271099424,-0.3743494242752292,-0.27025297860197267,0.38057164183459014,0.11599053580762077,1.028264140171516,-0.022089972668499547,-0.29035891490807403,-0.2687100243176164,-0.13417269576177365,-0.5105368763137809,-0.6770976837021556,-0.38492522868059453,0.7325610363143792,0.4259714493337507,-0.6617201649193476,-1.2480275369789056,-0.17316912885102426,1.1294789299280859,-0.9776076768566918,-0.6830974020743245,0.74115075871931,-0.32273375479981126,0.6993737746604364,-0.2113251960717855,0.20449072444316152,-0.2102835755528592,-0.30168495852130733
GESTFIPS__9,-0.29914647653234333,-0.017775692555283138,0.102326238897398,-1.0846235603557923,-0.16806493135354864,-1.3578657124468274,-0.494699540297254,-0.5369315055533703,1.0745195741695428,-0.28924040360084735,-3.0134633314614248,1.8960390267028104,-0.5595776983096484,-0.30262870470558106,-0.1620780715228075,0.3185313258813303,0.14603808628787882,0.19120053104951604,-0.2990905845416074,0.2963593278157246,-0.18647655391850237,0.1389401191366109,0.051434281418507484,0.30282367256218423,-0.15007290491419806,0.17529099878958346,-0.21961207326562324,-0.2717121671648011,0.06029016096598696,-0.02659554013363517,-0.14116414101138267,-0.6125986692478248,1.0450861352215235,-0.058816668062158295,-0.6002967428315604,0.4445561675619524,-1.1060688423393543,0.6634892558980784,0.5592958293022198,-0.9918326304961703,1.3539545619320956,-0.44140016184485026,1.315836906183122,2.154122001605464,-0.535844490563145,-0.11953367086188124,-0.1325044271291745,0.309707857187158,0.34503135669026586,0.3862372165083108
GESTFIPS__10,0.3129989424775607,0.10388675835545218,-0.6091179956620093,-0.5935196058134686,-0.7216146243778092,0.9214126030465718,-0.17802743932600099,1.200416119900703,0.4242013547116545,-0.5999885981013438,0.078703724435346,0.04023863154216035,-0.22985827005008844,0.40890610589417076,0.639775311235545,-0.35027771516072187,-0.3079575166983013,0.06085712237186907,0.11481807142189275,0.2608691473777748,-0.4523641107871111,-0.0849761894341349,-1.3307636820305557,1.7589315711827285,-0.5316287302949496,0.16399880335403735,-0.08659671216942094,-1.2124295978591426,-0.3713349264490558,-0.6697143598549578,0.8200200764780575,1.584664542944985,-0.11264431499012627,-1.1044721640215232,1.8196510778578279,-0.13132727675461495,-0.09801520919211987,-0.0410544793165128,1.1674739006270636,0.31134415158439227,2.0938843248556114,-1.068307896060981,-1.1253968121323514,-0.8708514009243865,-0.06961104071592822,-1.9427695954814792,1.7272652091817575,1.8968725964243254,-1.4656272414704299,-0.1722525127449137
GESTFIPS__11,1.3015843113916028,-0.05016483621308404,-0.33441015935174917,-1.104811762505609,-0.7930789356453022,0.7894068191376774,0.10383503048909752,1.2317398557205834,0.3618831047776281,-0.6214945863393208,0.01963012703594976,-0.13957647914868188,0.1789619802178377,-0.4819832270473585,-0.6374200425906681,0.3689889409003163,-0.37384995326956844,0.04334922184264417,0.1525955352354248,0.2644080307629603,-0.9810145361388078,0.24640637737036614,0.8338160293491798,0.667019396995104,-1.1465621793649883,1.1993399247448675,-2.6783976826739706,1.0519278165705384,-0.3061149102929368,-5.242450185841861,-2.2514540844869475,1.02582045823772,-0.6809463060667309,2.471682555317417,1.1935235797775623,2.5084531906688077,0.8741266110042393,-3.352472819399025,3.6221267455887003,-2.516913641630465,-0.9823251954042377,-0.5191534063315977,6.498094348868867,-0.010222139552138632,1.5715004403191095,2.8620536523599536,1.5972703126329293,-3.7052298263897376,-3.9998976836286912,-2.093802401552412
GESTFIPS__12,0.3465256744648666,-0.13798602300408705,-0.39018036976591064,-0.6415893261850732,-0.8159808371631928,0.8418035883974632,-0.022167521087290393,1.200088168683391,0.4432981698183806,-0.5790566992837077,0.06780999320750172,-0.03385964786511002,-0.30342230182128005,0.2706379242673254,0.015017572699073611,0.448611424975914,0.41467509742639364,0.10779367271862306,0.15373341110672908,-0.22607247630706206,-0.48270054982244887,-0.48749731753189834,0.32265102396201994,-0.009977996142032243,0.9040015161527541,0.5330746665790055,-0.012117242240315193,-0.21570648212469395,-0.28401317018849165,0.7295394617993458,-0.18507539904898615,-0.5371673818786863,0.6432373139496372,0.02240823582771285,-0.50874105293347,0.08522213023631613,-0.25635453709387696,-0.20378966790908926,0.23098761225006278,0.1967524650550645,-0.002648785624869898,0.024053354557756507,0.380625619529344,-0.01421857891739489,0.17240717131262162,-0.12283931748167488,0.5794971215334186,0.025002989012146683,-0.681134777626389,0.11848486964274799
GESTFIPS__13,0.371019168328601,0.1065591674395391,-0.692194495602784,-0.41577987887113294,-0.7916105278541798,1.0379069682760245,-0.10953887602460308,1.2076912255549892,0.45336990072174815,-0.6021430830935737,0.036991665667973975,-0.007105119276489343,-0.053237006730646616,0.1637564807125831,0.18799817750962644,-0.03775980760503141,-0.428375317285096,0.2128016038244078,-0.1564313187134323,0.031528993670040806,0.07781946720532938,0.2860998762485101,-0.08786625212700416,-0.13669226427620892,-0.6484534993678757,-0.13110599585969435,0.19648603406365747,0.15468157232016702,0.03901518076560039,-0.43296370499291775,0.7731774866595534,0.14882646385388998,-0.3611355258363326,0.9360907321033083,0.2771102678795885,0.27489226072794903,-0.13021324356100403,-0.8652734137905342,0.5495430884844125,-0.6829454831875519,0.42410044235956157,-1.1282013894861165,-0.4722291556505582,-0.907936369193706,0.21219389993412976,0.2387891787463952,0.11926589450634598,0.3280968191918293,0.23591078477017619,0.8683047602680777
GESTFIPS__15,-0.09526414663427502,-1.0852984011918316,1.1520320443415295,-0.5575051523356684,1.5440852943099002,0.6857907278413047,1.2945400476286149,-0.17873089783059837,-0.21896730444433327,-0.38680763236345733,-0.504564807318686,-0.32075881502543996,0.381120720796166,1.050926503299027,0.6268572045265457,-2.9789422416893587,-4.9572037207708,-0.3002453784504013,-1.5064555212358224,7.271105757197016,-2.194386113498526,2.1798912993423754,1.1781358695653523,-1.670017607554782,5.832674478204199,0.3297539329720675,-0.2460480099221295,-0.07837428881674287,0.389844292601123,-1.210293463385924,-0.12547085108261644,-0.40420576713584006,-0.6251939323415274,0.04039874061804968,0.1552234211544563,-0.02724816905223655,0.20028170609806434,-0.22647957157068835,0.08647056835170537,0.2668201041719575,-0.4402569415933398,0.14712574049714203,-0.03429855581874152,0.044659149534050854,-0.08906438989984318,-0.34315640721194773,-0.18914457264824194,0.04983786524644747,0.026882958756205735,0.18961515562892634
GESTFIPS__16,-0.044884900957921414,-0.17708126177454409,0.18427742747192305,1.3784270511477275,-0.3103901665975784,-1.3959808044149742,0.021387649882727258,-0.4028762071163213,0.9350914045231382,-1.828877255533804,1.0988856014792046,-0.17865037050686133,-0.13781312190561296,-0.008549595050901687,-0.2197891045376445,0.0026397122241198652,0.40957729393375736,-0.24255422103722085,-0.5982291103732051,0.823703865808319,0.9848716626786104,-0.03094654534683693,-0.1983536363098889,-0.3187264082488801,-0.3400412076820323,0.2822775452095033,0.2658834377935039,0.8937577253105347,-0.5170376292500295,-0.6303894055432249,-0.349861791901937,-0.11630456673359182,0.6405445810694594,-1.8412655499880421,0.05111376852581631,0.13282533162764276,-0.4151271184635088,0.05344110561983388,-0.22442707109169677,0.17455066013110412,-0.6514338709955593,-0.9777861819046869,0.25355178988716315,-0.47031008285271314,0.7869245656670701,0.1024217064072929,-0.8649481765413389,1.3679314363495132,-0.015526826863231143,1.6607753534898424
GESTFIPS__17,-0.3067716236135657,0.2348895485180932,-0.035033199064477154,0.06515332834856022,0.555837712291304,-0.13830377911913933,-0.5653527070979648,0.33397068644945876,-1.8474000545266256,-0.46633334433568235,0.2521154418685596,0.6819084135003711,-0.08966489527552444,-0.3584982248278258,-0.6297174841172908,0.49776108164309885,0.2226245144541219,-0.1239787781883847,0.28732933365024366,-0.09179873243515362,-0.9563491939098605,0.1392073090470057,-0.05294692471987769,0.1643466631032789,0.16821935245144762,-0.3160490731698222,-0.009165693615264254,-0.35315757259249886,0.644515647361552,-0.5668920189912238,-0.03723870639864456,-0.3023601643987411,0.5908578495138187,0.3230436521747658,-0.20535750905578226,-0.15774878851273932,0.4803904830407458,0.7064313583750392,0.22339067975171453,0.026573046139875295,0.22815511600113345,0.11421357607186355,-0.43560157865549964,-0.7020949435218893,0.167240255868466,1.1016037976187685,-0.22700177061863208,-0.35179775525203666,0.7846445808064517,-0.33667630966596784
GESTFIPS__18,-0.3547428335070525,0.49679140527334575,-0.3530521506401704,0.31552616818225343,0.6245446330918516,-0.16027563395695046,-0.6128637347342077,0.2926416112182373,-1.874519679030306,-0.49896116440858673,0.2126973432181773,0.654002035026921,-0.1441647428385128,-0.3726967967601965,-0.10074349879142264,0.19855556939860633,-0.06765458786635002,-0.14200123164348344,0.1666668309987456,-0.1123311394326716,0.03148403643140429,0.06854813339952916,0.3082370226070956,-0.09512039023023398,0.02509798038403416,0.09800131278608702,0.021935727856524125,-0.037936159229682014,-0.011352476757948803,0.35273891193393925,0.2054450064262161,0.6988484398103922,-0.674226773912149,-0.3922961542610841,0.41903398516592366,-0.7036767156120941,0.2774466280766483,-0.3222791624986759,0.2561737729651946,-0.6108864618238702,0.2346396424134774,-0.37548493497934715,0.5608956986216738,0.8192825116555605,0.8367246053962071,-0.10951470160145485,-0.847081824250859,0.12039410787819962,-0.5675653389509131,-0.05342162671853856
GESTFIPS__19,-0.3241902810603047,0.6873967171904888,-0.43078787956066167,1.1275976930966505,1.3653855353953546,-0.48682038083099305,0.1341214920401853,1.1226418697240694,1.0132025589620737,1.1990228339702416,-0.5781024392781203,-1.3891851684909262,-0.35218579574527464,-0.8313185424931949,-0.09902296118971991,0.361405212835303,-0.08262303006323549,-0.16972606863122333,0.0971726698988115,0.12125782376922492,-0.27499146306080874,-0.2092589974671448,0.1439755919004203,0.15075883643003157,0.03681465950045378,-0.13241546160971393,-0.05395089100112972,-0.03631378025512629,-1.0773439768173128,0.2682074931343801,0.03668365710678929,-0.299107763311765,0.0011050448926603102,0.3879511175538604,0.31683751300925,0.5107246543175762,1.1281160081778563,-0.07773391044941304,-0.12942811823000222,-0.4538538817084372,0.037027868464152874,-0.00441525024898278,0.8556311988669831,0.2706027699844867,-0.14151733939699013,0.2424392029719909,0.659916199045402,-0.4313460843119002,-0.10019548087117187,0.9681217396659416
GESTFIPS__20,-0.23100751820774773,0.6431643213263207,-0.2856447697728088,1.011688403543029,1.2770686998559433,-0.4673249485157019,0.24249685984481412,1.106899694644679,0.9901167241773327,1.1955478724921478,-0.5564249270982882,-1.436784484574699,-0.48061379958441536,-0.9620141725729751,-0.26312350052371813,0.24351559190146221,0.22989555969963849,0.050473903240066856,0.0896890728631125,-0.13522492748063727,-0.5972390998660272,0.015457781266727963,-0.11180016783649517,0.07173800605629996,0.22598500626248125,-0.21807342381887448,-0.6859646953116926,0.289113220677273,0.6718241237933874,0.9221856150558395,0.6513314478628796,1.126836515438472,-0.030103051089618943,0.5547924473472491,-0.9100596529518366,-0.13435840929673085,0.7800414308688335,-0.16415470079057476,-0.26988801527727974,1.051681548010822,-0.026671380467580868,-0.800805401496048,0.14843060797311572,-0.5535997887495789,-0.5046223549272071,0.2675525805756983,0.5810473762738887,-0.16528812230717843,-1.8361451009706942,-1.3795271963778122
GESTFIPS__21,0.04377641101765623,0.9122270974282081,-0.9882210664742789,0.8896560292378002,0.21324924828816993,1.4452273839132228,1.1261474444793274,-2.326309979687222,0.3704144109968446,-0.12901075688607008,-0.266936558179825,0.2774940295371093,0.5947496838095327,0.12082054356821598,0.10658540716563125,0.6522970195126219,0.3530332390780325,0.0404557336234441,0.5930673940403759,0.16978276820841648,-0.28116561995961314,-0.26104364301623867,0.2643410575744222,0.2783507336992624,0.6983089256806322,-0.3472305436846157,0.01239990440023699,0.4318298851109085,-0.7908080867053249,0.41550851551052903,-0.07628643370482534,-0.3784018917183555,-0.5330300324604552,-0.028753030891186353,-0.8492903374022198,0.9033400439672327,0.08741676683259694,0.5840482271328088,0.5175705161784567,-1.3697781127263917,0.0581828678660205,-0.07787124152250809,0.5969762621765832,-0.22993624614009187,0.2949481102031912,-0.7712781327936785,-0.5445023567111963,-0.22632516282204557,0.4982922091583023,-0.32954325855305916
GESTFIPS__22,0.37487267452214806,0.2582831755765906,-0.060652569465179426,0.45400913918594665,-1.659792280065676,-0.25307505726338,0.023934678185448432,-0.16477621817033444,-0.720785870852039,1.6162067226604195,-0.10982161161535244,-0.13254087701348713,0.32498998316292677,0.1992927067596004,0.012371948479479124,-0.6316688833598139,-0.28381198618537473,-0.3163491623161831,-0.59680050360352,1.0444430860062943,1.1176516086528392,0.8403927987073393,-0.8200524184467181,0.10509784014468163,-1.3687476451641263,0.1558229482623679,0.021227586833919336,-0.38258341469557106,0.7779723909925048,0.0021372740037704204,0.6975623278562199,-0.7720712203594018,0.8184634051099344,0.07333973510048186,-0.6842092656040949,-1.4832769735870057,-0.6869430816153189,0.142711792523929,-1.1695100380772947,-1.5434037666991058,-0.2780203787163207,0.023276839385163183,0.8133065945851219,-0.9158747867293411,0.8225374757112849,-0.2527692393790833,0.63058566744882,0.1735095247374611,0.0342163788292811,0.030965218373890956
GESTFIPS__23,-0.5655706037627501,0.6350890153538676,-0.23425158533871265,-0.8268455571494465,-0.20327583801418495,-1.5481931655006713,-0.2004145985691063,-0.549304650577393,1.0170539854247371,-0.3237536797430168,-2.969853448293441,1.6908962538740762,-0.41584178971268865,-0.2677655323541472,0.10851948929182713,-0.08393074165527123,-0.33696894467975036,0.10451668983169624,-0.6445394251645964,0.10257061454256511,1.8500280811211545,0.06343788214644583,0.42528725271368073,-0.10894935855208145,0.4408167854939565,-0.9230477530245694,0.82796048522559,1.7016762533516512,-0.40888209173678763,-0.08792581807777246,0.8490369066133893,2.050779397888219,-0.252431034703585,1.3652397690764522,1.909444213940424,-1.666728013110925,-1.8082984642018727,1.4974236609462486,0.8792200917132922,-1.410200500397381,0.8093858539538676,2.6666660239211812,-1.0485814321849956,-1.7564117494560474,-0.6671447242304664,1.6851035078893322,1.081277961851437,-0.99938182893052,-3.16950565218914,-0.6617520484199668
GESTFIPS__24,0.1618259310192915,0.1239324794714947,-0.3717422269815521,-0.7746925779503988,-0.7568696862131079,0.9422922962582571,-0.1043775178020803,1.197381386101792,0.45944078406342104,-0.5885538167780657,0.07703919381458102,-0.026665613741577356,-0.1770772278207211,0.4071563521521322,0.4132316185950969,-0.07571039676161676,-0.04185721372855278,0.11395728657336891,0.05590929322286869,0.35513657417156513,-0.9962833995256324,0.02985650341613149,-0.5358509966194878,0.20940455712786102,-1.0578834239352588,0.04714188906386813,-0.2693947844529709,-0.6441730559259106,0.48760421814745425,-0.20760491096514497,-1.3405292753467317,1.2797388853903975,0.055990313964090196,-0.5174546841641718,0.3056304783782472,1.6578060898832172,0.5662637250901027,1.0399120608761807,0.2074570856591716,0.7857906819906741,-0.1416234420953162,-0.8966143380029242,-0.8787847559323476,0.20984255762114704,-0.10654056325499513,-0.6940159815931589,-0.6637513249239905,-0.11018709576398573,0.8596434348430821,-1.076570727151483
GESTFIPS__25,-0.31019177378974216,-0.06742411561289226,0.0327023742569514,-1.0923719462081318,-0.28354337839461274,-1.5768005887154453,-0.47545659821733566,-0.5260941860665448,1.066958801841731,-0.29509742409949036,-2.9939547225119405,1.8655532221265143,-0.31648862919250204,-0.32294488688002376,0.0033958958365728586,0.1667122629742267,-0.19728978451756754,0.1923619546913461,0.10857607304629911,-0.1171971201061962,-0.5046905116331342,-0.03278016499968231,-0.038473371930290795,-0.03380477293008446,-0.1614933801912702,0.009267073606030636,-0.3861553625575677,-0.03342567280041427,0.49688322035511145,0.0661257170113804,0.24596663815061348,0.031476369179076674,-0.23294587707525233,-0.5890420421092645,0.2528230815225871,0.04089662187534531,0.33769090242511146,-1.044649914757913,-0.8647601061641687,0.4283501795334639,-0.9416754461813872,0.0530562987205347,0.09822567415753129,-0.7171110280558517,0.1502035765503859,-0.15860651630057657,-0.17874725598074617,-0.7568510497180632,0.9098231667884776,-0.009335237658487393
GESTFIPS__26,-0.35986799497412586,0.6523927544414314,-0.12524941254849123,0.13917877037533968,0.5937596866181046,-0.15465128142836557,-0.5807039570148185,0.32757177966278217,-1.8604411499928797,-0.5126807138165365,0.22662932337013975,0.6335905917388657,0.010362623294807645,-0.41518040580835036,-0.18469650232096474,-0.05253022749790948,-0.030616836019853832,0.11518320894814388,0.08947266631715939,0.0020884204968573466,-0.3120520639015229,0.1574843562541652,-0.1382214058052622,-0.05058798096255847,-0.25585922177778825,0.18187237999904052,0.09251974243142627,-0.23402469873045786,0.061636584868542316,0.03019926110350365,-0.3916056518151884,-0.11542293173781135,-0.038713191575973964,0.08932008468596044,0.34231501222989796,0.32091050350649564,-0.20864008253674374,0.4542390890868019,-0.018927750369173837,-0.4339829782289146,-0.4132605846742184,1.2530944274182787,-0.21862736801331914,-0.015824748800861304,0.07159341363539908,-0.4153305108144838,0.5534747351061411,0.3302518137439972,-0.7009291008532998,-0.8227801900932881
GESTFIPS__27,-0.5254508077438165,0.6653939799060685,-0.3559556861414882,0.8735132533532232,1.3609352625220157,-0.5276392027517527,0.2113821617225359,1.1624394200729267,1.0554014473460258,1.245157103930757,-0.4981018289033059,-1.3404110378185012,-0.3411441599866444,-0.4921168936403495,-0.44961630890722587,0.07117745289477272,0.22567095827504324,0.040831663503309176,0.44445004231041074,0.11960028025151345,-0.7426612588102195,0.10016072226989078,-0.17138523954924503,0.0377827228124196,-0.04677118250585386,0.11561408231658449,0.3018476123629829,-0.45883209421016685,0.11610612409441042,-0.21679984515891546,-0.8788754241487668,-0.5643194719545808,0.4063865180942211,-0.3545776027242164,1.0104021844115325,0.36535431648256844,-0.16339576175211612,0.13784181915877305,-0.3063156391154682,0.275735833836255,1.6762952992051579,-0.2071279775116142,0.18958428993624465,-0.6182531386932126,0.31044977075576297,0.8265399574130873,0.07981251683560427,0.57972506650539,1.0213950801524108,-0.39152378571638413
GESTFIPS__28,0.12442429825457321,0.9862371270446183,-1.4262953474069762,0.6725920689639064,-0.04037818325593603,1.542149539543652,1.1581602792944894,-2.34660925274664,0.32889048666236215,-0.14523104051783767,-0.2542837713266277,0.14002882510032558,0.752528352674586,-0.1397390317178345,-0.2846596405276614,0.09573793284630613,0.07853380795385545,-0.08449158561596012,-0.09488588330552483,-0.1675529906299959,-0.3786938654595647,0.3573232758535985,-0.04358830264644461,0.014675098984868358,-0.012567466416461504,-0.619681395700319,0.2681716114973299,-0.9225316405710986,1.2265123860245797,-0.6197271975310907,1.1895538432429662,0.37427513762325376,1.0271520825170934,0.2549972592048129,-0.8323931448375725,-0.23443730915232036,0.027298509343034776,-0.0912298889827849,-0.8332788925020516,1.6385104449278174,0.1676476704656828,-0.9882787918513292,0.5129566095661034,0.2619880880751147,1.6483448618677863,1.4710847883534954,-0.011655928524237627,-0.8691369988550888,-0.6413430924665681,-0.21388610359893803
GESTFIPS__29,-0.25599020447025367,0.6960080877654256,-0.42640008875654284,0.9406660380967514,1.2600973178744364,-0.43461712100599953,0.14680892795846742,1.1254719909068205,1.0106649202761058,1.2050181072471622,-0.5439199768642793,-1.364349030683236,-0.4263815217935229,-0.8230178049485498,-0.2736344511024469,0.06682448813471067,-0.029449527384346842,-0.38256963888104506,0.2982127041712065,0.10129627802361207,-0.4782665332534786,0.06959489042098607,-0.09642878641890269,0.241664276286389,-0.25594101445287126,0.7333545956658167,-0.25431543278394425,-0.5249260738380098,0.7096316465172522,-0.27223764701187625,0.31809444461260655,0.0945150996435384,0.09224560091378457,-0.5976913834243778,-0.12091034289249669,-0.03543377401700276,-0.54538814029143,-0.563675261369511,0.06760115080819502,-0.4932491766902028,-0.6805355743388984,0.9951544219261432,-0.36766879758342125,0.44638773106622337,0.41663015963146177,-0.4063406331914416,-0.0910680233938271,-0.397209145738089,-0.463091775411305,0.6302277311559727
GESTFIPS__30,-0.06305757369573628,0.5961540154746672,0.16791619891367446,1.3763931518930612,-0.20188848358253847,-1.5587377242964537,0.23630061410217443,-0.43348672561470636,0.9791990960884644,-1.8809052087650817,1.1408877383880256,-0.32632733699546357,0.01132697079966654,0.4730018113612831,-0.030589355401390537,-0.13880941479914424,-0.21439023565765725,-0.6709483556861368,-0.44992220483059747,0.826591315367727,2.113729862926598,0.6275320432715661,0.5408129346136299,0.8996236993357598,-0.17498360681687208,-1.6269897983260257,-1.1992910195590005,-0.3276070968118497,-0.37247214471521184,0.2360307847045638,-0.8188997142703643,1.3864096793979366,1.9758121122373695,1.0142266566138443,-1.2196667169607152,2.1276783453116668,2.1614920173332766,2.1094130641674353,0.9121105790123392,1.5192954929653724,-1.4662233667221032,-0.018935654518834198,1.8309352946203559,-2.1368316737844406,-0.2223604863164354,-2.815811394743511,1.2892213238819152,-0.6175981324767796,0.22051102039944304,-0.5470758664983374
GESTFIPS__31,-0.5123958499598813,0.6060879322001118,-0.4387347030006398,1.0637802693511127,1.3137821096000648,-0.4481511221381905,0.1858913345686687,1.1010104252200974,1.0217378308169225,1.2202033315690926,-0.5498254083756307,-1.4122891687805028,-0.49232237253780364,-0.6339624181529284,-0.4560967050935918,0.3735659559359272,0.03888159024314862,-0.08144050827764969,0.15169463785130405,0.000530338922433061,-0.4810863944911668,0.007174713095343502,-0.458108318407488,0.06296868263548427,0.43957031589021006,-0.39030535672896516,0.5872934525807607,0.47955532967072845,0.14068690517102012,-1.4054142994410512,0.3638167699336734,0.347606009851957,-0.9689208063216999,1.0882904598470813,-0.714478229147202,-1.965493517621723,-0.22221525226545438,0.41519114450899486,0.12521109804247624,-1.2145047199782344,-0.11259097748208353,-0.4234697469866027,-1.5895787486804691,-0.8627267381799623,-1.1184569055290343,-0.33325626260468966,-0.8358448440873872,-0.8689732790709466,0.2916144060258357,-0.1284623143439785
GESTFIPS__32,0.09690009252676901,-0.5068779398314364,0.46583250745808513,0.8512224264344872,-0.3980642467708914,-1.375946931589038,0.16500271747088824,-0.45098324933694256,0.8933607152271114,-1.818713253328403,1.1702978075589474,-0.23453665335131157,-0.3677562499112258,-0.12728957170070798,-0.5439137832601135,0.15641549714119374,0.5844067598884753,-0.3040452613101921,-0.392498127064805,1.1117280616721703,-0.4941143023507926,0.8933860316556266,-1.2400601230114612,0.11837450674147781,-0.6973552145501979,-0.0224859087098302,-0.17876109861048076,0.17639703591620534,0.6712661991974908,0.22553421949207855,0.4991945089974458,0.6478052799396866,-0.6358414197120091,-0.6919924533088386,-0.8384129372289911,1.0804271969116253,-1.8126449402892248,0.7116190099951596,-0.010134707445738026,0.3550483176199308,-0.289257371647517,0.5781051976676849,0.3954507245592594,-0.9135644916552838,-1.2253962234513567,1.6076801574893307,0.689527851043533,0.0036066978213228308,-0.7090147282868902,0.7624914563978286
GESTFIPS__33,-0.43116428461391887,0.324411565012098,-0.3425671070566331,-0.5526415095422794,0.020244804585136875,-1.4183751573319208,-0.49485203097395425,-0.5501884571752428,1.0489267358183816,-0.3017045079120503,-3.0529886456668924,1.8605564993837613,-0.43526421404858684,-0.13336720034201677,0.20692643340416697,-0.33218768169884566,0.017063269302015554,0.15130544860128134,-0.6215326733709116,-0.09858807856499982,1.7432278134308117,0.3312687839114768,0.7194781901561965,0.04906243126071821,-0.1032371253008777,-0.7541716702833765,0.7550384283087652,0.26520142637651656,-0.3323287594942165,0.2967411885743081,-1.560983664286962,-0.03325322407564772,-0.7674847966496039,2.1095713427587244,-0.6348890478072864,-0.4294319075545126,-0.2288618388523743,0.4948297348832582,1.6650311423842876,2.465966920340235,0.6396367665305777,-0.554317924673604,0.24862087994112336,0.015262271590366468,1.2490222774032564,0.4349978237181724,-2.343549352356489,2.857706686233809,0.08650231161721178,-0.2760876192053707
GESTFIPS__34,-0.08149044060249307,-0.2452605084254538,0.3054093132649049,-1.32683612782634,0.5005619540862419,0.07946310533220871,-1.367252244562565,-0.8369390007516636,0.8816093141082566,0.9194968036253457,1.476719707568801,0.22752560613768377,0.10723086493433959,-0.38728307396429895,-0.10439708348204976,0.056255540013644814,0.07712654147756237,0.02364603856094579,0.06434036225713274,-0.007687517678156467,-0.2398458053564502,-0.12236451701566739,0.055686060680546795,-0.3232554108900358,0.25930456296088833,-0.3017806460915153,0.05767686041517238,0.8489628713551748,0.431983758159793,-0.46588867099113673,0.27637431807664053,0.8540551121231573,0.5172021348184394,0.695476098300754,1.1136332239665179,-0.49834704158634624,-0.04330660056186044,0.1179166012571677,0.5065983627504049,-0.3902367136530969,-0.1831989444595072,-0.20253999079260784,0.3250579655904873,0.8263973442100216,0.12947799910640728,-0.43508951742846363,0.05867043452171328,-0.3697529183448718,-0.3549023757908543,0.3486121280326761
GESTFIPS__35,0.14343559390571867,-0.13123782056736458,0.3916747744285307,1.21436765297638,-0.6288281688390179,-1.5280276226551892,0.43673104800653145,-0.4745299899464759,0.8869007344257792,-1.865569371716358,1.2105050305798086,-0.40294467237652315,-0.3513567754705226,-0.10380374733717164,-0.3810679883430967,0.2879876227678604,0.6036189295094755,-0.4428906852516287,-0.20235058590572344,-0.03073251866221408,1.5492147809085623,0.37307470493108214,-0.15199427064761065,-0.2689631955928381,1.264281740144028,-1.8607969549743835,-0.0528261028055354,-1.7840095447104047,3.4699604423996218,1.9702683173027071,0.8292426571606308,-1.5978128779495773,-0.736780733218298,0.3926547535597442,2.872393413666448,-0.820383720848513,0.4007811559013479,1.1337315155069856,1.7197238242672377,-1.6909547736191137,0.10511121636308256,0.9243433803070344,0.02963398993644668,1.2422777030754841,0.20915395662771574,0.9704673888377169,0.1643950143610401,-0.13193883024062186,1.1875710107792212,0.7538428033273106
GESTFIPS__36,-0.006150832204591928,-0.21854435707548847,0.3055818224757621,-1.272529435273091,0.5472989096863753,0.08465503035819244,-1.3669452577334715,-0.8363875957067181,0.8866219974328136,0.9043296704151967,1.453543084863825,0.2297799340007194,0.25684865561029363,-0.5189302611799766,0.0457570067864802,0.15235709234417488,-0.16819252014173786,0.08665779298628423,-0.01878203459139499,-0.20410709772567984,-0.033560846403373326,0.3448171992668539,0.051654336514153056,0.23776783373222718,0.05015011697447418,-0.560940618534344,-0.009314545437306547,-0.2799646857049003,0.03398363209737988,0.09129196906206324,-0.15434358146053234,-0.23024091600957605,-0.6205848797952118,-0.4713450723490087,-0.7722094807679187,0.2204876828332815,0.2562453001310863,-0.05499364046032825,0.14448409453714947,-0.3605959831511846,0.07450553779377647,0.18678436658080882,-0.32427228203468034,0.03397828758341109,-0.09453140455901794,0.21713543431204615,0.0011370346759931207,0.058932628606281165,0.18570679679463215,-0.09506558072906451
GESTFIPS__37,0.3486377847787899,0.14122027024127343,-0.7039928788120852,-0.3730747724470437,-0.7775481581537458,0.9020221936653319,-0.01890584568085866,1.1830171562719054,0.43359357289315703,-0.6139958754437419,0.04850023458497021,-0.0712672151019931,-0.1890771004269729,0.3124209509477431,0.3263057894534371,-0.1791221197395931,-0.07013160556777956,0.014290136437154762,-0.0020490200101340185,-0.23405012987949692,0.5971469538263997,0.028329467552699078,0.28246537343102157,0.10643530650112541,0.4385315951242823,-0.883903840179308,0.30834755674351577,0.1828562061756831,0.48561815831214633,-0.3202496069693222,-0.04319293654057324,-0.1609747606207761,-0.5412489276581207,-0.7265329108134866,0.18125755781127442,0.10267297732345129,-0.15207938274582633,0.26483550173046716,-0.9993034371649941,-0.560208376275075,0.137233729684054,1.1297510807403535,0.07782975792075167,-0.36008836034804614,-0.3124849708516652,-0.9030675712068411,-1.8076660982209967,-0.16233983434811652,0.07998262947061506,-0.5701734835901308
GESTFIPS__38,-0.3868228807031376,0.6669499130999026,-0.672886154735054,1.0973902353197644,1.4683684789249207,-0.701317666862922,0.9307921808576559,1.468071965064768,1.1777408906470554,1.5258858734942464,-0.12396830854846444,-0.5848536094905151,-0.2624926933901006,-0.5266762402622718,-0.22547916169773782,0.05769230744220845,0.1487046225740806,-0.5930486157964464,-0.6000581634953778,-0.5844238041459332,-0.5004166533399206,0.26196958668168147,0.33310004374059077,-0.20537922802585065,0.11354084586418041,-0.878796743838755,-0.1426149135431217,1.1987921354132858,0.07225025226350286,-0.04674285126953666,-0.10295837730114057,0.4228153720854037,1.0412018416068718,0.02897309278933659,-1.5508203067645363,-1.080691111606892,0.06368669163581706,1.3181191990829237,-0.08140408099561053,-1.1131529696786646,-3.8188427636036226,-1.1165728138562327,-1.0995138702833165,2.414941737799688,-0.795949121762835,-2.701740436536903,-1.6667756232768058,3.1229053868856695,2.4899780775202958,-0.5384738900389819
GESTFIPS__39,-0.3147007659136655,0.7612033728243018,-0.18459701738615789,0.1445205089175534,0.5863330595989568,-0.20665958229866382,-0.5090884676700987,0.29210249250545883,-1.8649989747960998,-0.5015255520316584,0.22419767874818122,0.6042340985265043,-0.07364278030715579,-0.3841912376048818,-0.16039222484384155,0.24424378948261213,-0.28697085127829736,-0.300468725068426,0.18408540884288838,0.01692379197683879,0.09167211010766943,0.05941438809375628,-0.014817197992178868,0.1380545613788898,0.14196405815746155,0.18543948399508414,-0.37494167489495106,0.4978910420897974,-0.3557179667783447,0.2292553743356765,0.5870702601713109,-0.20479412795676738,-0.052120071239859324,-0.06603282229490777,-0.17097903557329056,0.4009966272576157,-0.20123217279686237,-1.0610370315804514,0.4789768481413259,0.4322735390111645,-0.6602463390594653,-0.3776727558792676,-0.4241719045409987,0.2679364361152389,-0.09783431748594645,-0.47331991335838897,0.0265298090070834,-0.5198915377442096,0.2660884876951495,0.4718336672910707
GESTFIPS__40,0.27918179802015847,-0.1168265278181573,0.41927109800269746,1.1879080361450594,-2.271495835743268,-1.1695965943692164,-0.05303846647711878,-0.504675450481257,-0.6424111257264834,1.6763582669272592,0.0235780371152908,-0.040685389016506104,-0.27092117397317006,0.6519417059645927,1.3063267522181599,-1.9799467845059084,-3.055822380159839,0.597568268951366,2.5191273833143626,-2.932817435568226,-1.753150142345977,-0.4354863966408303,0.21504476638743375,-0.14378000425544735,0.7679821040943576,-0.4482349636109999,0.14895434230121252,0.596899994902304,0.05214875910321916,-0.346217860718771,-0.1024425298148442,-0.3239660997185678,0.024864144609221588,-0.5944832446545912,-0.17880119666930247,0.6888581110999695,-0.4535195849111723,0.3468141913952789,-0.07200093843096246,-0.0540054951648623,-0.07490109120792333,-0.658255500597061,0.12494518293805218,0.15398559729170186,-0.18380881859537873,0.8853999207866747,0.10299114407533451,0.09588569886080481,-0.41470706853192624,0.39125179646132147
GESTFIPS__41,-0.15783551375125776,-0.48105906265084014,0.7984820065172582,-0.435066505859516,0.8539723194877744,0.12729340973459158,1.245564040204261,0.01914384553409006,-0.36320401676677955,-0.09881462352934943,-0.22807782610744312,-0.29463070646622647,0.42225050410933473,0.44859335199942996,0.7077144666769191,-0.9148855827403173,-0.09215370972985827,0.07996783493218014,-0.3817280228976679,-0.43929440347597337,1.0869055586683207,-0.07727591606247151,0.20665174551294238,0.0054131787997482705,-0.44126585445188826,1.2001723470156376,-0.44628563880977534,0.26512807877421435,-0.6072665030906532,-0.44002035957468477,-1.038055198981795,-0.257588436779647,0.7748604179935678,1.0351975577736814,-0.39379132701600544,-0.3885076606436803,-0.6866124908864291,0.1251755905319239,0.4241639554888543,-0.4190796870437518,-0.12113784018515823,0.08352780475506401,-0.05471456275306815,-0.6023479890443246,1.2684387500548795,0.6850766547762532,-1.1353511266770533,-1.069421412589502,-0.30526619397521015,0.444772148467599
GESTFIPS__42,-0.06455218685878608,0.2285136411938669,0.07343972074927292,-1.0031782790054475,0.6659776857049802,-0.03412349683757506,-1.4385023002557096,-0.820704130671556,0.8690132691425331,0.8990682257033095,1.4389317263460397,0.2597761443810479,0.21984601221828654,-0.12262835839844959,0.5302736934448385,-0.3054357540082795,-0.16954737696468447,0.21253366951020425,-0.24329823841736778,-0.23810859421306707,1.069186142376148,-0.35196846309946545,0.3542187664065211,-0.10463679949350617,0.40952704829306597,0.5669247030960436,0.06885886812277858,0.0014322645663173035,-0.3253516611623129,0.08089824821296626,0.040157158713373706,-0.05095939817659367,0.33810893431808187,0.2984097868118212,0.3609401081421091,-0.12227479924852877,-0.4057864968424976,0.025244407757818735,-0.44032404379366546,0.6682605356338899,0.010322342751549026,-0.14578640558796097,0.14131496959962525,-0.5028738895033209,0.09358907286969304,-0.04746330463114857,-0.10989075263736317,0.10409517705803273,-0.012408790036163969,-0.08513046067146526
GESTFIPS__44,-0.28879326340774625,0.021625946862853764,0.03656156732767436,-1.0959056140153625,-0.1452813232644651,-1.5272201792088616,-0.4706517004877263,-0.5063816098511875,1.0230778118250934,-0.27556132161233415,-2.964960862113995,1.8227428481019576,-0.3884945549862194,-0.10209496424997921,-0.35610139761582355,0.03323919725131076,0.5084035458408722,0.28921348020452575,-0.3126410831701849,-0.10881766490978009,0.0688850675535442,0.11840899005472948,-0.04225535908750167,0.02252004653598802,-0.06855683230559265,0.6650073171394197,-0.09426303232619981,-1.1620736724827356,0.1787994073185798,-1.5910571854453264,0.7871481345165415,-1.0112606000554933,-2.2872189301406536,-0.6104589023195496,-0.5915957251355246,-0.4833384475296971,1.4714993840263035,1.8809283911021966,1.6573720418332814,0.8227483932966841,0.16357217465335994,0.14660037391558298,-2.5483972052799793,-1.0354709358007426,0.7642574724683661,-2.4751810840448605,1.2733129282178337,0.1215352018430024,-1.3690470660991267,0.696039672958224
GESTFIPS__45,0.4334432413970938,0.2848506159700942,-0.7233037444852806,-0.35470353909517344,-0.7823570596498174,0.9810035573282336,-0.10653827732421514,1.2032932198193973,0.4557499107323516,-0.6094925963444248,0.02896434286221192,-0.011981567873111507,-0.09795991956970676,0.3269911979458806,0.5008157645777546,-0.14928198053063776,-0.2935209601001322,-0.005244111094611597,-0.09304824383462613,-0.011726084912914565,0.5913683303934415,0.0669980867650356,0.15821331949341194,-0.22027339638694335,-0.37931850244153636,-0.3751565241975524,0.301989868615926,-0.4594313982744955,0.010876312097102244,-0.883946545590436,0.2941875475753403,0.16691578846654864,0.5976776991090181,0.15763536061479727,0.008476911534225627,-1.2645853956975437,-0.39891996846507904,-1.3766505169255128,0.48365960389116225,0.7457677659219955,-0.0827976054331525,0.48060387387012143,0.18356614196856819,1.3903002565676552,-1.1982102870134232,0.9982945469408835,0.3793300420033512,0.002275312117688619,0.3385338866265671,0.2160818506307819
GESTFIPS__46,-0.4559324269670322,0.7301089113998124,-0.5927400419943306,1.2626969121479197,1.3675589585420196,-0.45686695773827257,0.14329256844184526,1.1105306691672303,1.0747623101329293,1.2270582111660522,-0.5652049128296396,-1.3948312535369434,-0.40743397080456084,-0.37335793455048566,-0.6109386399598696,0.25585998583369784,-0.3673021502348131,-0.21000294982228215,0.21757633226925782,-0.26252829481152323,0.18181780445366158,0.10907990874665167,-0.4529387566442072,-0.3795325123668911,0.7490428395252751,-0.7570017187587836,-0.115930166828006,0.7890538877898781,-0.10755320059325936,1.5198069948938706,1.2295174572374434,-0.020057255631891664,-2.0109984028349506,-0.3984939520933187,-0.4357758368467517,0.48412144994906436,-2.816845003321505,0.2792370714629421,2.443439089938926,3.0179781258798273,-1.0368061486213171,-0.010376798573415162,1.0114724670952064,1.1157339066560013,1.3477997642730173,-0.2295625287073141,-1.4144098031139876,-0.0855293505668738,0.1624380673827114,-0.5822853678069262
GESTFIPS__47,0.1524273730416076,0.6993632102898888,-1.1102406952762778,0.6438138321354832,0.1381926036386328,1.3503169065754903,1.0267311988075518,-2.336869395818797,0.27975627269755193,-0.14635655686284138,-0.25944768675410773,0.18233716608700973,0.5628213498284151,0.060376722676379384,-0.04376989069535933,0.3533133062771774,0.4462982773359182,0.1178244104108815,-0.005975995486931458,-0.09947508981563183,-1.263394576084289,-0.5248537142614832,0.0007708798444659281,0.10894576269334957,-0.004512589724784629,0.9479097047815351,-0.6570545341541627,0.20764805427372648,-0.5842168406681332,0.28990049961562425,-0.785340728314501,0.385908213666799,-0.1974227656108965,-0.12252907399975066,0.7418029709613648,-0.4705861084624795,-0.3628707729687409,0.11757413836412074,0.5075652858174219,-0.24316142689203984,-0.3452521735761513,0.8099904444144811,-0.32180743290995556,-0.6974217167516302,-1.4797323404354292,0.43017063700617514,0.07537507382728871,0.2639984859291137,0.6053159667032812,0.32037784012061127
GESTFIPS__48,0.393342988795973,-0.42474794665739946,0.3626819478847217,0.5341218620746011,-1.546289574291866,-0.36272928711353086,-0.03744915040731735,-0.1808429478377085,-0.7719285385459925,1.6609554463492602,-0.1081641048386566,-0.11770191583158343,-0.01292796536387178,0.4012519682325739,-0.23370194714554526,0.2439657860486394,0.7562526113113431,-0.05410133994922224,-0.5121198900875206,0.7586321941534704,0.023009215325067185,0.004449338930843824,0.08893565017321382,0.047671732820622564,0.0024157156193324193,0.1470468509546251,-0.018863947688041435,-0.07982908656629913,-0.14779599576671174,0.3434965245758076,-0.180721724973988,0.12618322001629878,-0.23409212490718811,0.14298520264298906,0.15261942177821747,0.14885698913253845,0.11401447008168455,0.09016934217993222,0.08578575634254644,0.42301660670949354,-0.02677807176662326,0.06434741422260257,-0.2418016429159991,0.06176973317137228,-0.1384073494884522,0.0017000811009146462,-0.06612753715266004,-0.19976859283818593,-0.20831080043717487,0.06844830608346303
GESTFIPS__49,-0.12269101583629952,-0.2596684408334046,0.5482702809289526,1.403364368278476,-0.6584376341418761,-1.623323961657679,-0.06676928637852067,-0.41341699268484405,0.9940670535304053,-1.8494432786753705,1.1525929873850782,-0.116846922396959,-0.02939689472300054,0.13262905756976917,0.004535898176376483,-0.6400037897965565,-0.5823871887184551,0.48446730832964136,0.30342304026765937,-0.17091503508346503,-0.7849480689032219,-0.5679373211104739,0.050707679400325015,0.13860466432301027,-0.5549590003507199,1.3049916189604691,-0.009615450433575543,-0.4574954210220739,-1.2734573605060064,-0.19012368528032214,0.7774622478743407,0.4993295589227858,-0.055687779211744365,1.5397645615859674,-0.9510990686210904,-0.9471323756563416,0.7713548302754585,0.29996455301787106,0.5813533741693148,-0.2909848819313845,0.30966881368200916,1.8201195787613578,0.21564908459481633,0.9669291528514333,-0.1293338226410578,-0.17650330989081728,-1.0155959593034125,-0.26458771184899743,-0.2962561227316127,-0.9106739492555694
GESTFIPS__50,-0.18658960744998776,0.7097733497510487,-0.38951018644565905,-0.3439093407258357,0.19109378722068537,-1.3910429035303207,-0.3833387365677976,-0.6636345102587473,1.0464417024859864,-0.33006953168810044,-3.09978065033112,1.8203245302597657,-0.791758729654024,-0.11843072243702303,0.4280539238897935,-0.4886850425279423,-0.04413903367280955,-0.19013770629428456,-0.5433797073889922,0.02034712000849155,2.783181096836952,0.4720438806947419,0.6247993067056553,-0.5292745408969723,1.1185147630592747,-2.758227997830387,2.387177922339709,-0.25937978101291576,-3.2224052347598033,-0.17610169642812185,-0.7041073582094287,1.7366950324315749,0.7109559682032,0.17693591341380072,-0.02366242792210245,0.5079049656725515,3.7536309385742257,0.7420845266749562,-0.9559203274519404,-3.149159011794133,-0.5794358405133979,-0.7689196784715461,-3.2686584143759356,-0.3281645767055242,-0.516077943577613,2.2014610106399535,3.435716513150608,0.667081250339711,-3.4834764131055285,-0.6954849897107526
GESTFIPS__51,0.2688579607987348,0.03133021704742933,-0.5730371601559799,-0.48946606739689646,-0.7032392943288593,0.9197031044811658,-0.1170212233367487,1.212313425208622,0.45800546063603625,-0.6025750696365247,0.03556618932156011,-0.030052956029728205,-0.13869309190772738,0.39484819195197957,0.257351141228076,-0.09982763893107383,-0.0892184400059565,0.24567756974785432,-0.08321227075518894,-0.0025869936887456184,-0.3312596685210163,0.07971825217444378,-0.006525777778853842,0.04313679688756056,-0.23472421562839693,-0.04434294160406411,-0.3642673465972723,1.1502875789273919,-0.6530334579850038,0.584590331938936,-0.08420591177140356,-0.24102202993715702,-1.1010471078172004,0.0779396259537168,0.538725150299751,-0.8237259774605942,1.0498842814608909,2.0440348259168593,-0.8683199097168202,0.19786828051304872,-0.44097328872590347,0.1386347443322028,-0.25304608326355355,0.3396188313541128,1.0380595714828207,0.6036219930342045,0.564186236625594,-0.02215212206584101,0.3327147088827408,-0.0004157720145271994
GESTFIPS__53,-0.3009130566134439,-0.541401587969681,0.8570673758899483,-0.4301900102740738,0.7227174741277379,0.26424808304976943,1.0054276239107465,-0.09978031687825505,-0.36519430670152486,-0.21296446753315224,-0.382984597338168,-0.6022504645209059,0.448241188937465,0.44830090429053643,0.507268458593498,-0.5996101287652191,-0.4493342127291915,-0.029158922044919176,0.0504597889049489,-0.28636344668712577,1.1751891548743314,-0.10258028816540966,-0.3941564653408007,-0.11606400697122712,-0.2563815887331206,0.33463197300613606,0.24761217961523213,0.5568603340409072,0.22070939667841444,0.41810068139682893,-0.42400839146661434,0.04702377040141181,0.45457985645528104,-0.7211685161841535,-0.25513342323049215,-0.7441516346815228,-0.012356593957506878,-0.2491420663229883,0.8002784517676051,0.8253557633357541,1.2367987266187621,-0.07347990940599362,-0.4768187787135023,-0.019886214158809406,-0.2893841116798288,0.043345919597786366,0.669251908307862,-0.1605703576806556,0.43751726923551193,-1.0304785921583326
GESTFIPS__54,-0.16308503504757493,0.6087728164981704,-0.5174081870949719,-0.09034485811118012,-0.58050468962264,0.952568176285286,-0.05662019390939823,1.0905220714024646,0.4433768704701853,-0.593045759500362,0.036894597259487974,-0.04347767147707757,-0.588473635129199,0.5793072057886322,1.088356121311688,-0.42826588449092134,0.13099690402234604,-0.021686764373157627,-0.2537956848002138,-0.24511108257951347,1.4294340048008058,-0.3811878933739005,0.11724221979620827,-0.4648901157194634,0.6038842518153428,-0.49866080427807546,-0.10116123185010897,0.37587567399351884,-1.0317945638535033,0.10436777690246564,-0.6279351190817929,-0.4454898646806935,-0.7952823719986951,1.118347436102527,-1.2670527000763556,2.1889823319344006,-0.1071855388215076,1.1016359190168163,-0.21507638079644853,0.08399616377757183,-2.075507196198145,-0.3700026135683116,0.007709088256792013,-0.799203668142386,-1.79755371961078,1.535130149856472,0.08717057778531148,-0.640740264508091,2.0177486862936265,-0.36742786545571215
GESTFIPS__55,-0.37624475561656634,0.6992245243179741,-0.27667024808660146,0.3538250393302497,0.7283850125429384,-0.21886181226702112,-0.5548273398446237,0.2771462142949554,-1.875469555151123,-0.5060183415066246,0.20370886252418796,0.5996576041888751,-0.1496761025961685,-0.2321078426062499,-0.07090123638440825,0.1182446254245557,-0.05397077508743292,-0.056213092271810323,0.0626512185944981,-0.06267830894821715,0.26186340502355804,-0.13447854384180066,0.3094682580132219,-0.38824192791000695,0.523726850027856,-0.753091632475813,0.16735575185037577,0.26729377935540444,-0.05589216330888652,0.1822464803973738,-0.5774771128934006,0.06343533857126306,0.13847512769283485,0.05767698749655574,-0.5326761560951861,-0.22679314923554525,-0.5696025577688841,0.33622518265823526,-1.4024553453767818,0.5668829425999722,1.138126891292931,-0.8320813153207196,1.1032149656314012,-0.05527957870879164,-1.0460905475299598,-0.37592022090415556,0.5132119400209527,0.7304850286715778,0.021378526046230764,1.0515435020404809
GESTFIPS__56,-0.5321631720455624,0.004897820422130267,-0.18241287614382504,1.6251153791406545,-0.3548722816789201,-1.228118641933318,0.10179590050931561,-0.45413267003147173,0.9750815024271161,-1.8322593090014103,1.0859588640870184,-0.2217712914197309,-0.07235940398910952,-0.060192859809517836,0.11044985118158307,-0.25590388938297454,0.23166634309937442,-0.5679652382732546,-0.6068825363248995,0.5508417937507577,2.102504229647946,1.3782270179201614,0.5548209632644632,0.43413916947969433,-1.361204920975763,-1.631786122849101,2.2872258127158838,1.6247585143420427,-0.3585783778118176,-2.012405993553875,-0.6874189053715085,-2.9571273110171643,1.216304065073138,-1.547797597646018,0.992285919345972,2.4916877314506567,-1.2832390421214117,-1.0980506429030397,1.651278891492748,0.8661351613736576,-2.752045361124069,-3.5802298821205745,0.943005982040584,1.549908539286512,1.030023594651834,2.918083371568685,-0.06337101665532763,-5.397707659804592,-2.900852066648662,-1.9552515810357078
GTMETSTA__1,0.028968571908898007,-0.11330068394285601,0.09020320063788231,-0.14589990756082694,-0.026601242549093587,-0.0016937887708638032,-0.027624582372447293,0.036132048018541404,-0.01334901204708384,0.0001160175591618527,0.01635934575827619,0.01053342535065204,0.02490212343337644,0.009701717639880496,-0.031683196029996544,0.012694060564504544,0.06715471690745158,0.044346601593293844,-0.018896294194667308,0.0423229450785034,-0.11406801380290296,-0.014024508746042694,-0.04455243885430626,0.018579526493249617,-0.06378386578932585,0.1249245454153399,-0.04487174779683752,-0.02963357378607833,-0.0005590780050269109,0.004954764228671032,-0.011338847364967384,-0.0024550165497403773,-0.0034181140721882977,-0.014614854311176782,0.04316584685182611,-0.03547272883044445,-0.00685808988104927,-0.005460389170108367,0.0034769624284745203,-0.0029023674929052642,-0.0003988763394010936,0.06334523547795458,-0.01482865554150463,0.001725215274438702,-0.0025393792681801483,-0.013400457767359495,-0.005049796419894214,0.0050896842672000665,0.013109496149241449,0.013117496010858503
GTMETSTA__2,-0.16877763933458678,0.6273918540808228,-0.5313402127317727,0.6847902621004359,0.29394330415773273,0.15669401675969905,0.1515779519007664,-0.14328511196764515,0.05427626100150295,-0.010776344679654397,-0.10642855458217919,-0.06934023755352303,-0.10491695119888342,-0.08287923194497696,0.08229759162868469,0.08161045487837222,-0.1239417097050209,-0.28463745659693024,-0.10949948247724263,0.015503387031785236,0.7772357081295351,0.12585551055894803,0.21351993417934903,-0.09620775577624882,0.2955105787607074,-0.6630335204624229,0.24445037035519784,0.14678200635845243,0.021002765223559292,0.014683277273319684,0.06352483168653189,0.02065226145307107,0.018498455622347375,0.06404935177214563,-0.20456477545162652,0.18943021596089238,0.04520820179636572,0.04340583152685661,-0.0025401523049961,0.018658272909303584,0.011875569233485032,-0.32745119819877105,0.07166272221510678,-0.011263716509333402,0.013382310840008713,0.060324132840922605,0.02653105605887218,-0.02743140249871226,-0.07106493009439109,-0.05748784993039735
GTMETSTA__3,0.1714458291202998,-0.1745239202806096,0.621698286778654,1.6414390023750403,-2.263735672990779,-2.235576305097082,-0.02147387836442124,-0.8051954407400742,0.2771766537639424,0.1537863734649746,0.26530203601149493,0.18314874753583318,-0.4614882334170373,0.45689811599364244,1.3630706889361188,-2.282954697755251,-3.6544952761514806,0.660559998006193,3.2167205454154466,-3.7221740375713477,-2.3826019889014733,-0.7521494483004413,0.43438439158082764,-0.0725533266046629,0.7761507134265834,-0.24296914285347782,-0.008143399831560007,0.21675185892493803,-0.2722905841440965,-0.6308112558854911,-0.028637715358654198,-0.11076285585405983,0.0012379995933682986,0.23333659886815566,-0.45587729199690546,0.05141334221601717,-0.1201877398700676,-0.20803060767610262,-0.24797940438503865,-0.04367914725710705,-0.1471421880812588,-0.2558607666637744,0.13555076206652775,0.02858484911208628,0.006384557679461086,0.18974312010095362,0.01392313576373232,-0.003562410996891928,-0.002962730499095085,-0.209420417440787
HEHOUSUT__1,-0.023729768081684137,-0.005202541822649609,0.01933317762735006,-0.035651923724637,0.023732007107105685,-0.0226835127003028,-0.0247525547540643,0.0009703977000775716,-0.010871300054827468,0.0019416195277437355,-0.004781332407045374,-0.006004362048092812,0.008808428813756037,-0.006862829896938029,-0.015372044139144198,-0.015092773201269026,0.007334690766033466,0.030658005201102227,-0.005191276838345092,0.01641104382544677,-0.06567541989680124,-0.008822694392047864,-0.014108316790186872,0.0045861636883356245,-0.03572875155988338,0.05660460743602878,-0.01692434183280954,0.022254006081516536,-0.017972483735448897,0.005666218761719233,-0.007445279812691869,0.01756804714130433,-0.024546201552473643,0.0028678505468785584,-0.008623384836004735,0.014867304119747423,0.021558617302181275,0.023216091317953866,-0.0016037647930869975,0.005714219601635021,-0.00024310210695749563,-0.02807151645258444,-0.0011682118483708238,-0.001674621706951321,-0.0017530219983948425,0.010098196529331194,0.013761259628184329,0.0002493413661354613,0.005052125067537687,0.015061709727673619
HEHOUSUT__2,0.6200823955193496,0.4790558105901179,-0.6265216835253307,-0.5865700576521687,0.7146599755561227,0.6435284437242689,0.2666235704771474,-1.0501788968240515,-0.4834615684815616,-0.3065236376886041,-0.007625909258514668,0.41129802464854903,-0.03704286763831224,0.055657356675742224,-0.5221326620232757,-0.4688915259615341,-0.4429580651296843,0.7054474981882017,-0.056984898059231126,-0.6794450822293644,-0.2839818910585576,-0.37863618029033863,-1.8717662476082417,0.04966511518235041,-0.9548784858376657,1.6139912726805286,-2.7184896158186818,3.928910582297178,-1.0506744854603127,3.0847599380612247,0.26831297318532654,3.121010184232828,-2.706223339344203,-0.5798510391707138,1.6153776210742803,-2.6431895477682747,-2.9088980145561862,-11.09928670824027,-1.656155901657355,0.5414790387896297,5.974361252719298,2.44312448130399,1.5999262215241232,1.27900290305374,4.754546382327609,0.6460240903990193,-10.889358574482374,-1.1600099666833787,-5.32449281758047,-6.0273849425789265
HEHOUSUT__3,0.4691525761102325,0.693833976906461,-1.0587841713477182,-0.7737618333261267,-0.9690484194579408,-0.7189158263581323,0.3489243984590336,0.5463386789600049,0.24638849547115677,0.05971213147720551,-1.3087586675933236,0.3190725912647983,-1.1498478310872158,0.9063337237232083,2.1884049357705626,-0.1508561899719281,0.7869126871970482,1.018746478216367,-1.6436374505049611,1.6476080178772854,3.2796896246789258,1.1750790296073605,1.682821991754385,-3.3024113620273905,0.9356536349063267,-8.444916845044732,8.390684082323633,2.051786989155019,-12.232200401857533,-7.329774866108596,3.5559758395408987,10.632147909250827,2.507942218868201,7.382379398220332,-12.093892037201584,-5.690151364742197,25.489686863473295,-17.959735261993327,3.5015540824547235,-5.196843808242175,1.0867754499732385,15.43477867168107,-11.123532911772731,19.28597245783269,-17.366207815507977,21.24362922028766,6.4143306126644095,11.139529487932258,4.7765331946408995,-8.393509641090168
HEHOUSUT__4,1.3870416463628206,0.6083068411461091,1.5065333333498394,-0.7061966268274196,1.4167340284262984,0.6905125405299765,-0.895787425679082,-0.8596279768790797,0.013183694849644864,0.13635967482652567,0.7971610347591274,0.3831555324052931,0.2642483075492464,-0.5173832122455225,1.9989202097828216,1.482535651691547,-0.1701492807420381,-0.16060910201698073,0.30190897862102695,0.9808149250684643,-1.1834119264646252,-0.06403168119992045,3.9353687142794893,1.741914914984809,-2.252124454967087,-0.8477185827125879,5.977671060098124,2.5108878161083097,-0.04377885300777736,-0.28130433726349985,-2.7434011678717494,-14.985053362653193,-11.48015390683049,-2.8001307170817613,-5.079688237351855,8.341944375010756,1.286860393964075,-4.003693178356335,5.434241725607044,-3.6384575358266584,-1.7601345557771668,19.502324790254264,-1.569860331607806,6.540553482015937,5.224230499266913,-0.8054905733313686,8.77863949562967,2.4926544242507376,8.37919635328367,-11.706084894090244
HEHOUSUT__5,0.44959710243108164,0.13027225073354706,-0.38611475390794325,0.7034890520785491,-0.5534699490677868,0.44979052562612487,0.3008567064433169,-0.108965656608688,0.15716912497301697,-0.12851404256784268,0.0072014248564247025,-0.11193978199282183,-0.1819224783263551,0.07725120869933066,0.29869380114943955,0.26688061386902384,-0.14487019850102975,-0.5741565045677862,0.06478623350934211,-0.27592193494024564,1.2969401390177355,0.1902191974726405,0.2924909461460385,-0.10934413281210152,0.6947353081858139,-1.149910362421846,0.23720702804816637,-0.5556932848535943,0.6389798670887171,-0.14543216313075613,0.2987539662895468,-0.3699839111836127,0.5146172640020817,-0.023445820784654015,-0.06983251585941207,-0.14005106354338678,-0.32856482257462677,-0.5134083556991618,-0.2901175912863164,-0.6526821935863482,-0.1618664756816656,0.26933165651292945,0.04713173603022221,0.018614196892688034,-0.033786321476857846,-0.1844082742936804,-0.20367920172625945,0.11428734277243077,-0.1529768784397853,-0.296790661551934
HEHOUSUT__6,0.41083625996656675,-0.14853063869403318,-0.3175092760031135,0.43407616136623906,-0.23304952009807478,0.4638257114355539,0.2880520152654502,0.01964508352372377,0.22097461864975274,-0.030616673248641302,-0.1750629117381649,-0.14773017856906895,-0.20079748420241672,0.6069167525298356,0.21469625507495063,0.5100564468912141,-0.21378155657171743,-0.7627215435280137,0.29935404994955334,-0.6288097210375578,1.1080163759319175,0.0723917595333393,0.12357403633730728,0.0716425413081007,0.9002144338988213,-0.5218517715582955,0.988962831543321,0.12610588046240762,-1.55545275393564,-0.19395224776654105,-0.9695500975356753,0.23993041689372724,0.4352235266195418,0.019249420896209308,2.3997971300026646,-1.8777163187087496,-1.203821021059142,1.6709434803133842,2.195972541958042,4.352414969694626,0.9628050409026618,1.054907895641884,0.023118551208594264,0.054736800800017235,0.01497696630271551,-0.934657579283285,0.03267278211535622,-1.5413306257132402,0.01551983574728251,0.3182115876795498
HEHOUSUT__7,0.7489835052223613,0.3016747509009619,0.020724109026962076,-0.07676403999515308,1.0124754414511812,-0.13696508119418171,1.175555657488776,-0.5930198950843054,0.6250015676083742,-0.05376966375920297,0.014773671786660884,-1.0397320014324556,0.307755815895171,-0.3058245148840026,0.5485364788617001,-0.01587614757453118,0.17401332253354623,-1.2791464964124972,1.2260929596646217,-0.8074706558708025,0.43196108465059074,-0.7834123130743909,-1.3075206698281503,-0.3204797182642597,0.6494219953390918,-2.736732077677132,-1.412486900933762,0.1904432816196267,-5.458767221500772,5.791156737206282,-4.211811735358706,-5.003287937328434,8.19942991039308,-7.626568249538132,-0.5595284417627017,9.528148577527299,-4.202988551716277,-7.848658068518089,9.433914951740716,4.461630844641492,-1.4456483864578549,15.582835209426477,-2.6851258690913338,-14.724070456048555,7.947401758345552,7.52412088138805,-10.75501256739667,11.294299990229273,11.035558917545167,12.755079592914797
HEHOUSUT__10,1.0047648017587532,-0.9783822330283074,-1.2728764494736473,4.823690092359576,6.420962744239253,-0.35489580601557896,30.36579221445464,13.39446047156117,9.467163470567133,13.913818610234019,17.574324611616724,40.73148869092665,3.1671807243032175,-0.7546293029592843,2.643454186471532,14.136031581148636,20.109795317044856,56.592978040557966,91.76364734118722,43.48202470983076,28.59421858836467,10.46034418791605,-3.6568970885248584,-1.082394237578174,0.5020315368281948,5.568888570740233,-0.7303102700643701,-0.8036514583700087,-1.6917237938293934,-1.973742634341542,0.626084739716009,0.50203723024664,-0.9666535604830035,0.5374078435908428,-3.3778164071831376,-2.945594201009243,1.4424143562869256,-2.1373209243071063,-0.6652156365756767,4.198716679861134,-4.6073131723818195,0.38208850622754503,-0.9215868588183885,2.2616118823340265,-0.07385247280572874,0.2079688776808289,0.4445258508577826,0.49406760248333786,-1.2461755439899613,0.9815307850043804
HEHOUSUT__12,-0.08326343564370756,-1.474033895255293,1.0786763021211874,4.755877712746054,7.807367040019134,-3.526366383975239,31.00669086039818,16.157344043835447,8.219803017446846,14.472124643120818,18.312612216909667,40.27879100145472,2.088298047359842,0.11918788963781148,-0.5841120223818311,-2.7600005317008334,-0.812809195566954,-9.915469777805633,-13.767542699120106,-7.648012104583329,-5.058010923646186,-2.026179191394329,1.0702221861148926,0.15279580376275428,-2.165749592289196,-1.4066657058285612,0.2842470930175813,0.4711156476645026,0.1358972271883073,1.0747907040740503,0.6213736302961109,-0.0018128736441618276,0.7792846950721616,-0.3553001395153149,0.26434782675268004,0.22766664080678686,-0.21055390717011804,0.1891819372316522,0.005286008285655876,-0.7469938927585581,1.7272884172792518,0.08135037715774848,0.1550655709114303,-0.19119256687824313,-0.7551704633515364,0.3558690983097217,0.34327955493348183,-0.9653016125474082,-0.7795088882898503,-0.37376515386883674
HETENURE__1,-0.2973640181986008,0.15255490153656423,-0.04322025378575717,0.10284568152044364,0.01292412085172943,0.03146621236704683,-0.07556526894022379,-0.003789254437947808,0.016513667533956472,0.020861791703817918,0.010915086015577943,0.030743505780575775,-0.100791922946503,0.2088509024269027,0.0008123237296430115,-0.09490755248754724,-0.0004172479740944912,0.01707447069016229,-0.009515910653945222,0.037755278192279175,0.04771320829035832,-0.07889627329911977,0.02015085605428708,-0.031013563740172778,-0.018660122705859074,0.012777768263444572,0.03685364407338673,-0.20567151990609725,-0.038189891424773977,0.06756969894972284,-0.017500028905999512,0.00829325324866506,0.05444794112411031,0.01654989480188223,0.05019739435410181,-0.0011034541144701972,-0.0074831674545518785,0.014968877966999946,0.006704369447386432,0.0644086271771709,-0.006520108555798062,0.008666234752785879,-0.032942182018667464,-0.007558485671035684,0.02890901874808489,-0.03054883554935259,-0.003292238630277721,0.0052009432709362825,-0.03749114722495742,-0.018419235570493287
HETENURE__2,0.5556426299124593,-0.2955639925096986,0.08846761757612447,-0.20202137534236467,-0.01831878560545174,-0.05919279527327072,0.13846974167268133,0.010310585606971593,-0.03276242602472366,-0.03737333278210489,-0.017365186459744317,-0.05772421265661388,0.19032604206131806,-0.3968180923071121,-0.006253443404957833,0.17431368420073742,0.015351569250353369,-0.025436542474259215,0.019301227773218167,-0.06829161707461516,-0.11397202783339533,0.14458607619182104,-0.0447558894227711,0.04549043102275255,0.03214634323156807,0.018251384911387423,-0.0800188928706086,0.3664715145401659,0.0890704837110759,-0.10799122862846526,0.055457127581726065,-0.003295738369464559,-0.13494423158812802,-0.00760043675439708,-0.0980487531483783,-0.020697251325780933,0.00875164926984714,-0.005905946250642442,0.001817829994601703,-0.13718855697858956,0.0658741496544728,-0.01432261246913417,0.08489194395942087,-0.007628261618352177,-0.03543653995774333,0.06597537912931836,-0.002070678511723473,0.02874757059810566,0.05287136309188642,0.0028538529588794017
HETENURE__3,0.37077613640845986,0.24464759777114878,-0.2651596249049453,0.2793953527534577,-0.2574611977729337,-0.022831684777339076,0.20716044883126042,-0.12897782180216003,0.058288261683970694,-0.09257847751189828,-0.13904116068835365,-0.026821538162549192,0.043294300143755605,0.011435101737690103,0.1950029331500713,0.24362447270990462,-0.6026441685027494,-0.2890205231569961,-0.051058258540972096,-0.14047366991393107,0.967739712163212,0.21577788436720746,0.26887516676079964,0.5544293790424865,0.1359044194749023,-1.7596809379057532,0.41580482878710073,0.9948078742082064,-0.6854538091417101,-0.8403565014684458,-0.9201541350572936,-0.5153553668745405,1.3065384164471114,-0.9860702643173854,0.11340534897359804,0.9434271793261257,0.2258576391569054,-0.931955665612953,-0.6021458287675554,0.616617822354464,-2.21425884948941,-0.08824113183072468,-0.924916314829009,0.9097783541796849,-0.8051846972099773,-0.33001211127073377,0.3444497109429801,-1.5986729686747663,0.7579944420625805,1.3294550407144028
HRHTYPE__1,-0.5255414859598441,-0.05460312679287376,0.0914223314094488,0.22559674594851092,0.020253750041430933,0.17914899744611373,-0.17008950270446535,-0.020452203978019223,0.050797442258136254,0.013939748834578047,0.0010520956143628617,0.08575240690424739,-0.17522359340459903,0.2485862859212479,0.03998623566499637,-0.03537336581204053,0.03570113922417036,0.11576639446233522,-0.05693974247806309,0.07559025170041198,-0.03705516172093015,-0.2720077595966926,0.03302327653608118,-0.009633583641243776,-0.04925126358527686,-0.011777015990945555,0.03163466086513528,0.03425961094603872,0.09264804375927836,-0.05590626275059478,0.06447157915173797,0.049535799973196834,-0.007547413897784396,-0.04285012681475722,-0.02120979468771701,-0.001501907587761951,-0.0524362590314663,-0.03382938300482835,0.02215184069747798,-0.031661652738544245,0.027492210036110985,-0.008218350171064316,0.013598030292055958,-0.0032826747626470195,0.014049320036759471,0.009416948424750876,0.020841886823042003,-0.02311335038336299,0.02927675905336089,0.007665380944307312
HRHTYPE__2,-0.4502678649455186,-0.13028814285397003,-0.21863356340961645,0.20897739922647351,-0.5411796863170765,0.8117422862082354,0.22110772189865655,0.576664208832885,0.37002837325159366,-0.4092423719911823,-0.1587349973815221,-0.15010464887779507,0.4650613218521898,-0.20145270964029297,-0.05273805961440198,-0.6837093018917,-0.8552363075120856,1.3255623223903208,-0.8142947147563426,0.19678331841707503,0.39434630703708007,-0.2123686151067486,-0.44133768869131473,-0.2392942414179188,0.16743087874061216,0.2420507880450735,-0.35850135215548806,3.9097535006459463,1.0875286514895313,2.666790179590318,2.134574839186027,-1.7653418367248563,-1.59532895896776,-1.1180859978927706,-1.48092062323491,-1.5184410768592935,2.5747660850220346,3.390364785147462,-0.8165202769790425,-0.2638536730495517,-0.7533552928825518,1.516183731010039,-0.7888633848660176,-0.15134027335190695,3.214637883579519,2.3903425329060584,-0.33308669618684433,-0.5011195079285837,0.8853593282868735,-1.1876869036485673
HRHTYPE__3,0.48993409460062903,-0.3874676662542242,-0.02455785050865308,0.05522488784688583,0.1477620392095449,-0.1266682005770264,0.032882769323912035,0.02416738945411722,-0.07964683578551808,-0.03790997946833645,-0.07178619553471284,-0.07854983943424473,0.21139619625886955,-0.3481489046390828,0.5725972842357977,0.0327743235060566,0.267987837934333,-0.38366014291152517,0.139938286902893,-0.0759610750439093,-0.04233383500604712,0.633447365692747,-0.15127865680610772,0.05137449250786756,0.14207870010794063,-0.5556944545720639,-0.13345691001389778,-0.8092527486043112,-0.8524422870533976,0.20918109840195293,-0.4231578964350823,-0.24252986703127372,0.027631470329113724,-0.02039154544664284,0.2323408672222073,-0.12596978688916965,0.01955931286840174,0.2944080824314909,-0.22293854972511143,-0.20356742802142389,0.19951959223995436,-0.17304192254584788,0.029930347327095902,-0.15124585398988089,0.2649511841144867,-0.09811476921986498,0.06195995745064588,0.3315753814293741,-0.06351253157904001,0.008097597947755848
HRHTYPE__4,0.5749156753556597,-0.17418188882376176,-0.1526527543785844,-0.11194347792645573,-0.2452909269719386,0.07611789705281428,-0.008784877838180627,0.10705894184692304,0.04817196512293439,-0.052308759688185325,-0.1186056740349132,0.036220285649232305,0.6301586057855956,-0.7009350425651012,-0.470924752287659,-0.2594122805138081,-0.22423235349567372,-0.30911193895860023,0.1871806908025293,-0.15014496704126643,0.24991068176424158,0.40572287665269996,0.0253437640706594,0.0030269948549825625,0.0681333700341277,0.3238687185967597,-0.11645313871144208,-0.33053751521805896,0.05235097385510592,0.08674196120295974,0.04632084207950892,0.23696289540256926,0.04704420210782629,0.043385255738807964,0.002226842837664528,-0.020314742858343494,0.06950877971725108,-0.08827184990280242,0.12472815996015728,0.3311338342617854,-0.1630861446599698,0.014733580008025788,-0.06992118590156779,0.0860316875725148,-0.16248185837434534,-0.06976663604117173,-0.09059704467453135,-0.10468414129547335,-0.0854033805983303,0.016787311754333196
HRHTYPE__5,0.24735503624588354,0.7004284838498738,-1.723445538236959,0.3117928045211575,0.24000823703249163,1.0674494335130085,0.7096966770750871,-1.0591480843905574,0.6819790983092109,-0.1797317620655038,-0.030925162140572907,-0.32721913526952084,1.3309223156767134,-0.9943847063023746,1.670265494022565,-1.747114094569155,1.8986318217290175,1.7871130924260639,-1.1062338678953523,-0.7010448950675098,-0.5284150551542597,-1.7761865486215676,0.018587611272943446,1.4105669420584082,0.3981547535484012,-1.1651131806947206,-0.3015310926092253,-0.12981405615159486,-6.046905669300368,5.495998255587192,-7.413341838625378,-6.9943381925368895,-4.804110428164148,-2.4881001089862504,6.338069542988205,-0.760729378296295,4.202855631128372,3.8558822181627015,-0.8622005338873032,0.9269194472545694,3.3245844442645947,1.8504791430635537,-9.590929427439699,-0.8843782698969221,-4.000523470145802,-0.8226314027931678,8.60928089533873,-3.2747512213893506,-1.9770089890235918,5.716343303529566
HRHTYPE__6,0.8761795410057404,0.3870621048126336,-0.16371690392009586,-0.535796016629208,0.21204917733846032,-0.6315863252476914,0.4911648564774558,-0.11988493450315639,-0.2957839965770695,0.004858580136165367,0.11004444460514833,-0.34125555303874344,-0.30042346018913973,0.0799558457242281,1.0235368178128665,0.5720371837063343,0.34205045579479487,0.1819099199405018,-0.16856657765147967,-0.15059510211904364,-0.42326945977803726,0.7344624969075807,-0.08984497416094325,0.1831234011489918,0.1648672503176207,-0.26022343608759435,0.1012677389836263,0.6689247348191782,0.16949167210075264,-0.14939935700188411,0.018284203939038995,-0.10582815349050877,0.0780157537946286,0.20626464662994426,-0.10800558871840107,-0.025456936042742403,0.035872276980882266,-0.2031236514048398,-0.005321712719374552,0.1000162125717931,-0.16107248978141891,0.21567432916632095,0.07395181644605239,0.1459473613433858,-0.0661235684108929,-0.029026650030006818,-0.1084309731392065,-0.09574236113587062,-0.22119648723554383,0.027677394514730554
HRHTYPE__7,0.9447936847301979,0.743812572885967,-0.09149977452461858,-0.816964763705209,-0.03831117773304068,-0.5768441916297876,0.4903035289861877,-0.05064932660662169,-0.07747889130754472,0.014991509752187878,0.1402966052900217,-0.32871387307966415,-0.023932174050267867,0.042963816432101676,-1.1053197946832125,0.13657583690398897,-0.44546674256494095,-0.004817938229444177,0.07517142013228799,0.041559831295219965,0.25104968000287564,-0.46559670739682196,0.003264539046245174,-0.20372417548919342,-0.14226996261929425,0.30560962246683926,0.06508250091306333,0.4185140072210157,-0.05796381313259572,0.0317309980631939,-0.17895052913372722,-0.3681852685257131,-0.10195210800861375,0.06557888593397836,0.05590696955770742,0.2884127917645415,0.047901609771159086,0.18081905914311133,-0.11543587662846841,-0.3737764246468058,0.12499468191078034,-0.14327232260364786,-0.007251868445880131,-0.17781492447095995,-0.0553246978207223,0.1449189631476782,0.10210775512778292,0.2159923010537429,0.24879544026558073,-0.09921852660623726
HRHTYPE__8,0.599686978796433,0.20475319241429332,-0.574125408347355,-0.9039763976431137,0.8221757615681528,-0.6781806225431756,1.2923069731859675,0.8337195083304828,0.2745986414343553,0.20751105890253502,-0.19753795672942018,-1.591232350232609,1.158864703623462,-0.9228480163191835,1.7151854410164817,-0.17437515729503605,0.3346657986757652,0.7443658601339691,-0.07512840889608897,-0.6826556237373902,0.4026785118528602,-3.8999669746268486,-0.6656045225453977,0.8613507687693135,-1.1629427332643398,-0.4364212609253272,1.1823327667813592,1.1045443610399046,2.4730159225982296,-0.7460760559254009,0.08525929158102558,-2.0100626128695374,2.1207883916779258,-5.320943966521236,0.9907371052055327,-0.5216596423139424,-0.7347483698905533,2.545814210951269,-4.8265878192923095,2.97403596436358,3.6704258865473873,12.18294786838768,-1.3625392091084494,6.391380521591278,-8.953020663633232,-4.567775518891171,-1.7848997490090035,-14.884029988208432,6.3700322420215825,1.1640848861643835
HRHTYPE__9,-0.1470981325155027,-1.5419854829247432,1.0600896159859519,4.6874935500262245,7.590389103256923,-3.2271874902467026,30.866069662047238,16.171367310039795,8.17115217507722,14.283074566672395,18.360505117867685,40.516748607174776,2.0664001314164024,0.2490295951121373,-0.5084952433785898,-2.507411352128368,-0.9448467215112238,-9.90464844927179,-14.001520234143468,-7.588120189084907,-4.884938114521826,-2.117548585841383,0.8765613691574861,0.059385297079042144,-2.1615364737570184,-0.9459398245150815,0.3076984753947804,0.35742362543194256,-0.42913892082878546,1.178439896962681,0.7394672494729931,-0.11625120297686983,0.8357737931144493,-0.19149422600198676,-0.4800898070975613,0.06278692973274044,0.01928394009440312,-0.03820979451351392,0.0278598459531288,-0.41028641863768944,1.1785686080030455,0.23791925867420283,0.10198389882568867,0.18662321482828925,-0.783195552415273,0.3191944528770482,0.3602300863209717,-1.0881388360094775,-1.1090658838000935,-0.31609632931515663
HRHTYPE__10,1.387772982989524,-0.5706727070116061,-1.1613563326622338,5.233995068678556,7.7228303648125145,-2.149969168386796,31.20951940456032,13.310320874335078,9.759068524784897,15.048119068924546,17.28696720586862,39.30374305660634,3.298568219963851,-1.5336795358052395,2.1897535124520835,12.620496503713845,20.902020472710475,56.52805006935489,93.1675125513274,43.12267321684023,27.55578173361851,11.008560554598375,-2.4949321867804186,-0.5219311974759011,0.4767528256351309,2.804533282859355,-0.8710185643275649,-0.12149932497464849,1.698493094273164,-2.595637791673327,-0.08247697534528475,1.1886672062428882,-1.3055881487367298,-0.4454276374891266,1.0888093959183112,-1.9563159345649643,0.06338727269979849,-0.7729705338361097,-0.8006586625805141,2.1784718351359214,-1.3149943167245806,-0.5573247828711809,-0.6030968263039388,-0.0052828079051674415,0.09429806157669159,0.4280167502768699,0.342822662532844,1.2310909432557533,0.7311664290714985,0.6355178376822994
HUSPNISH__-1,-3.0466081046842675e-17,-2.5525846085276693e-16,-7.440337408681774e-18,2.8336979030624265e-16,2.9596008803423057e-16,4.2500725161431774e-17,3.300582463588997e-16,-4.509467885910334e-16,-2.312603233911581e-16,5.109573788381061e-16,2.012821333219339e-16,-3.680324274502045e-16,1.9813794702172594e-16,-7.757466544133784e-17,-4.3777373219533455e-16,-1.8176649421719482e-16,-6.862999751833243e-17,-2.6356954813122613e-16,-2.22573153484118e-16,-6.345293214471415e-17,-7.490109064662437e-16,9.849976737030808e-17,-2.4269865631088017e-16,-5.343422644459028e-16,3.3138639402019443e-16,-4.711671591078881e-16,8.169463369678276e-17,2.9650218912047333e-16,4.662069341687669e-17,4.273450625487396e-16,2.4962399768763133e-16,-2.265711489951583e-16,-3.3501847129802087e-16,-9.066640667410031e-17,1.0576392192596096e-16,-1.7593890754008523e-16,-1.2283332987902962e-16,3.604972223514302e-17,-3.009474180276639e-16,4.115089345668732e-16,-1.3392946148806095e-16,-2.828683468014681e-16,2.199134700297395e-16,6.499792024050599e-17,-7.250602028496811e-17,-3.28343851673657e-17,-3.266159044612582e-16,-2.4774019641293776e-16,-4.877927217965955e-16,4.0939474033052647e-16
PEABSRSN__-1,0.005007599834785954,-0.006744608616473364,-0.006889213091200568,0.0019082545649939178,-0.002880429684870492,-0.002457339905995391,0.0044396348206838,-0.0030018194677602027,0.001764132338591615,0.0029110958387517393,-1.673461994530735e-06,-0.00953845343431809,-0.007574260355590154,-0.010039797757199485,0.015245740723240982,0.008612895158054735,0.016666293300390968,0.01443632959984799,-0.003480295665901609,-0.009212206923329594,-0.013541073235968412,0.013907317156543239,0.056981666914614315,-0.11674824334825742,-0.029068928652732317,-0.00032469045890797877,-0.008412390695048766,-0.004290855592358953,0.003935837380606075,0.002698188617870017,-0.0018721116858648993,0.0027632431261868334,0.016091486467084855,0.006784857066335042,-0.0017279714700277878,0.005589404306696695,-0.006955152988296902,0.0033081079006370712,-0.004064527873017813,0.005460265500710904,-0.01484561462104247,0.011345909614947353,-0.00036299490707500343,0.00164000173427164,0.01411128355536047,-0.01032320665280972,-0.0040389005307518095,-0.007428760967784191,-0.0016256410183359906,-0.008707026678958238
PEABSRSN__4,-0.486626208004935,0.1926883076238582,0.13765582569231333,-0.21387908515742338,0.251230720274723,-0.218579285505681,-0.019686586287860092,0.10991363033277045,-0.0449028064065539,0.00929675193148204,0.21875381716565373,0.35610075743913533,0.20734456582016061,0.5977051436387115,-0.3553438835511788,-0.2812668772049769,-0.4096796473134879,-0.3968363613226939,0.022765161793072027,0.1299431807571202,0.10449409505889602,-0.5130538161295458,-1.653263357717833,3.5128633248780945,1.0695718379176617,-0.09197049164211166,0.5732598262530317,0.791230318918835,-0.16618061080825966,-0.07259237440923381,0.7260117286570263,-0.41605467476243907,-0.03513989373497867,-0.35661738748661104,1.4275078169831874,0.40603174032989287,1.2745913859707771,-1.5128553818880672,0.6712304177132188,0.6205800526668724,-0.3920991263945534,-0.8986111709976445,-0.7753568311980128,-0.7689046957163811,0.48691713007293563,-0.28298905739039126,0.3954313539017724,0.5619084407498045,-0.3557344025885903,-0.19008935537240812
PEABSRSN__5,0.23491289004006177,0.521182319528655,0.43493487028252975,0.1304866789323411,0.0031823868205935637,0.2625455929204686,-0.12776467930777266,0.11763050760847416,-0.1231886625599978,-0.21972370910117048,-0.0013090258482714714,0.13805364709889764,-0.03115523220517714,0.1726332526941393,-0.2985964925757727,-0.210565290749126,-0.2455178702896504,-0.48983858361638744,0.18104443046753257,0.15252236457337232,0.3726632426176408,0.25672149741774136,-1.1981813338629514,2.2174844913546385,0.4861295408851993,0.21248603435011007,0.8382884868736733,-0.9095419713773886,0.3485776486477592,-0.4680108339290715,-0.25995014558629637,0.9612442994585885,-0.9389643751197432,-0.7541168787235527,-0.8916770664716911,0.28523176065684036,-0.31951638766009627,0.7403062435606611,0.9179257798954016,-0.640314166530804,1.7163868411863337,-0.20937150097105747,0.4801560643223897,-0.9412647514023234,-2.5458346983129054,0.3173494472824402,0.5765652094837257,0.317104503578547,-0.036342604683600496,-0.4865895737293847
PEABSRSN__6,-0.24847195665289729,-0.180334950832358,0.018212547220133796,0.2846737548515831,-0.7442573697042432,1.0397675368816077,-1.1449043441307565,-0.0750644194202391,-0.20789735670763462,0.3040190852539164,0.21983079305179115,0.8663412913229781,0.6207888110888521,-1.0511707523646339,-0.9913511016064477,-0.6587201352005542,-1.8035132433363372,-0.41420884447088685,1.15932839087985,-0.1966677096177979,-0.23621303855430958,0.8603728085891158,1.6416466810015118,2.6514110945772695,-0.27037591080448187,-0.5184818540380224,1.3565630688709205,3.426365173777515,3.84387078855005,-1.0633997434323454,-2.2941412973907727,-1.8069112622149273,1.9011558988786,0.0027027338722299893,1.9328944470738818,-2.0111083443969333,-0.16504051738277353,0.9721001351158566,-1.4212534580124028,2.025494759684684,-1.6537765402055675,-2.057700358198622,-5.515608061367147,5.447752090805871,-9.900123254294684,4.39086485834429,5.136192201724469,2.2786249652251076,3.126763551792104,12.55129557795595
PEABSRSN__7,-0.06642476909082677,-0.04632081863374461,0.054361574296881515,0.015452285843269298,-0.13864774124534893,0.1200635848397983,-0.2563124338190557,-0.06220757304445162,-0.25430619718254166,0.052644624958745924,-0.2295909700061582,0.37594279367109096,-0.3438841150896998,0.5879256232875363,-1.224498093107176,-0.27880021760362267,-0.18348665247653614,-0.7061864597899159,0.272357288950203,0.32480331558985426,0.9458643772123145,-1.1073554376319843,-1.7336439849453453,2.570790185627832,1.2776650433825083,0.5744473061169283,-1.0781143190318412,0.10646674787120843,-0.425384137304076,2.7898047958588474,0.6034606534460434,-0.5722790684260339,-3.1088014778680733,-0.5398220221556607,1.1659988973709405,1.749612307497727,-0.9305415231895744,0.8209386624881168,-3.3437143223172616,-2.427751789030735,1.45902561593135,0.4807688633413327,-2.3266247388471606,6.295421168791708,-0.25650298034331565,-3.508468760589872,-4.25683964476492,-1.8238440921732313,-0.8367717312363846,0.4006849430889063
PEABSRSN__8,-0.6349380043546927,-0.5407172444898285,-0.0999313341169687,0.37343073738129456,-0.2946933364399887,0.5327667374058244,-0.3201492578685937,0.34268431743239186,0.10597921098891458,-0.055837462431932675,-0.2144573117775954,0.161373786909865,1.1359421895677466,-1.4946025032341599,-0.20813142506352922,-0.6893564451016266,-0.8611914818612385,0.4399012718938899,-0.41855309575430155,0.4999241939142507,1.225415521258032,-0.8911101384359179,-0.1445872698346425,1.9216125337931236,-0.6136082050744452,-0.34088856334300416,-1.7444388338625354,0.724703826839782,-3.401728231845732,0.09577106586886776,0.45885698019917665,-1.9011657794492065,-4.1850138235657,-1.6569801355453144,-2.696074939483118,-1.7889517948060933,-0.89750714001206,0.6005999892333086,-0.6474639136162234,-0.991651156037902,1.5489402398829564,-0.849772428446942,1.0685671005263433,0.05679500134764598,2.5335474195469514,2.2126987018342676,1.9446005046015777,-0.6250514874871473,0.4435686854338169,4.931733822892581
PEABSRSN__9,0.33254233555854773,-0.15017654337783432,-0.6827376256019702,0.6250379229954761,0.8013654048895724,0.26977463714210326,-0.9863765373889204,1.1973424698660127,-2.218429682738779,-1.220511961700894,0.2894651415953294,1.000492941385322,0.07823485308928682,-0.07125104484097004,1.1891517334624058,-0.36805993382443225,-0.8873062531972447,-1.7494060039246973,0.7088376045537721,1.2600239899856889,2.3304110063550443,0.2855024032999297,-3.727060306000068,16.312223201946942,6.539626791734534,-2.025781944199672,4.635210782299092,4.643510158698216,-5.1724156916360675,-9.075552730181474,-5.28955518560239,-1.5618520226406531,6.9550955031085335,-11.645031720578585,-17.075542619495764,0.9510331760926535,-12.582713954704834,19.514848529938227,-5.202933888788959,-7.665735191492751,-4.919011151039265,11.887137183401721,12.396812172038391,5.365839166766442,6.532071003915393,-0.5853119518295109,-19.42517628816033,19.73065878028767,-16.43628172192344,-0.36929576902401123
PEABSRSN__10,0.13168893093789258,-0.7608034317390162,-0.003683394441758579,0.5130423556813509,0.8137448345485362,0.36481660620891415,-0.0744334957455467,0.1254172524797081,-1.3326528346535937,-0.1539874606410299,-0.4001686439622971,0.3342766213288638,-0.504230566444899,0.046823809286667385,-0.2191519200394869,1.9506792446118832,-1.2542040673900448,0.28067111072017215,-0.28338406970606667,-0.5153205554126994,1.0621179112644787,-0.17294261751098633,-1.5208473568898695,3.6266474503420496,1.0516200389450376,-0.47810991932078684,0.5190679915895325,-1.4201460425946402,2.6359288779365753,-3.2540932464615278,-1.714334124472766,0.9862300939875994,0.4928221026038354,4.528727925202393,-3.1949958879906317,-10.089080347194704,4.122399398084447,1.819830083108596,-2.9300278350340307,2.4610784052718957,2.2381971905522766,-3.781259718055559,-5.94115479381268,-4.09694379893318,0.20204063035692293,10.38299629711749,-5.346117160960197,1.726546631832581,2.57387981103373,3.8784360999907417
PEABSRSN__11,0.7988773018906545,0.19296090188594248,-0.005856785852239435,1.533310702138273,1.6058333528851338,-1.5728006537933106,-1.412035337996588,1.0718630420345083,0.4091792108921264,-1.8070300169764397,-0.1469758776456467,0.229862859665603,4.498879931721472,5.240735280561356,1.5478203228306784,0.29777069720042315,2.334270892994894,-0.7592025893889324,0.24941734103992308,-1.3989156657519148,0.8417382701269509,0.7904191328392051,0.2766468077736993,0.04460747355497528,3.501266286513113,-2.1247909307725448,-6.646651392116812,-3.6244286256946676,3.0502459622487863,12.055683160389691,6.371747777755002,4.100937809789364,-0.12282050246805278,-12.91489069169372,15.263030849819037,-8.086161895667265,4.466233440980799,-1.2003078810146228,-0.837810314895906,7.783912834594637,-10.566958239507311,5.343955752794397,3.715481668243547,10.069687290423907,1.0196573665536666,19.99949937030664,-9.36767320894227,20.781977598555596,-12.31682129438294,-7.6368547403054645
PEABSRSN__12,0.37254143410347135,-1.4782607578808113,1.2298640911278433,-0.3122152114025071,1.7012494621506613,-0.2929754973057731,2.0976203281596804,0.07066511019326241,-1.2187183266707322,-0.4561397052422297,-0.6568292064843756,-1.4378255350238576,0.8296332356097044,1.1850396292488528,3.281149589770198,-2.286047259528373,3.108223423641301,5.859212220240257,-3.4628421494921433,-0.13923220214734103,-0.091058929307084,-3.025665751554851,3.9042954333155406,-0.4905700915283212,1.0756739307353456,4.68224452168861,-0.8294251269402929,-3.580953345604322,3.3636259788298144,6.443503710492278,10.439606960945895,36.460132069909676,-6.628954802977043,2.712423702952561,16.558863682336344,-8.501930850260813,-11.39651670404348,11.657130624205116,-2.031642721810145,-1.8112736464455335,-14.25030155058256,0.12010347557067626,43.459994875191654,32.20077599413069,9.100914836533498,4.824183755947969,32.70039632674031,1.9007246436603822,53.20419418643734,-18.017541485738946
PEABSRSN__14,0.04383969353731683,0.006710632997268259,0.014610064883835323,-0.4035224402329853,0.035737971322190726,0.011210338966176034,-0.09659551905266578,-0.14744589082511103,0.2554935538207739,-0.023116956662173768,-0.30370370622525905,0.25117246099810464,0.41190724521399236,0.477583730735853,-0.6868472745758958,-0.15093604304280978,-0.7931932451295605,-0.5414047643625844,0.2053405198874554,0.7511959218617548,0.3649927724563294,-1.0950399217268423,-3.0342009948272914,5.304819038732044,1.251647599592097,-0.067547671018329,-0.5158047833000053,0.3517239357940023,0.02300996627304443,-0.07281111614134046,-0.9533592416552871,-0.630188332356497,1.8684454814507299,2.0799659484614352,-0.34671580628449006,-0.9151335386373203,-0.6359846659513569,0.3137586074454766,-0.8476772463127569,-0.29453341336843336,-0.9946353028516633,1.037277296417356,1.8206693286146598,0.8606783656993777,1.373506042883779,0.1110039829112763,-0.4947998125788708,-0.8062881440377155,0.9828316683836447,-0.6198653199622439
PEAFEVER__-1,1.1610224530447355,-0.21985459916150318,-1.4654720668826082,2.1513791488848057,2.2474920806256353,-1.5390504031665106,-3.165199992851935,1.5969363841992281,1.000746839170552,0.04039896606126009,-0.8448990864563101,0.7532707219018295,6.541311601705806,6.63266506232489,-0.472365478177683,0.8740073521879571,0.6786906174120617,-0.7661234122969759,0.6126765014797388,-0.9427364743436086,-0.4082251483439216,1.3759503156667114,0.08549636551090052,-0.7373068789919325,0.28974462515574884,0.5770074323139776,0.09181561820679492,0.475298228628801,0.04140918282715797,-0.38875448754264785,0.1008319782694177,-0.05607619735432336,-0.13182378315353088,-0.0751251840632844,-0.3120813846557064,-0.08896578345195885,0.19229285695066972,0.1286235463763122,-0.03832827712859707,-0.4126573622207441,0.11109961025831225,-0.06422926933127501,-0.07575945196946385,-0.08664918377170892,-0.05223615608284407,-0.25831184863594475,0.17563731345404177,0.17787336152351224,0.07504221870046641,0.08909352466418205
PEAFEVER__1,-0.32225761121610264,0.704882512500639,0.12079426068934118,-0.022437188503009013,-0.15097960039582875,0.02073190005986236,0.2799154134124479,-0.03344792096909065,-0.03362747092545547,-0.007871326444803078,0.15830720706146661,-0.1383337499785769,-0.5855553711385513,0.7711938043129125,0.991918681615168,0.00522210258068463,0.24810424863960703,0.32346865792915785,-0.37850868848987124,-0.2613293734109732,-0.005833656964539529,1.3469690573757596,-0.0851462287823501,0.601269447889687,0.07958601020382818,0.32568638411089,-0.70961295830933,-0.13029221409273997,-0.13359694308063297,0.535916232609139,-0.1937410027207396,0.6625704348610147,-0.5233455272945482,-0.14580412606292253,0.19356987155204605,-0.31972710653122,-0.03484060618934326,-0.12212259061610034,0.1336419862848271,-0.15852082171164567,0.07527578394606556,-0.08301930502317717,-0.08521529799518247,0.3787117256267416,0.25075237362437897,0.3018105836064556,-0.019693244258663346,-0.32064036017118747,0.3775527404049141,0.3457165374254569
PEAFEVER__2,0.008302195832935656,-0.03512820174746866,0.004424560996970063,-0.01456809781025057,-0.008571908276464212,0.010177753296976583,0.008565229340078806,-0.009938470046577422,-0.005567952335073729,0.00011471019888931287,-0.0020700322314027497,0.001699339702546324,-0.017332599714393354,-0.08871072275943497,-0.04824057056249188,-0.006665573959421082,-0.017895140388934534,-0.011254020820291881,0.015245021803057087,0.020515906186898917,0.003290223374201251,-0.08026530971173652,0.0038121659827776776,-0.025942994077150734,-0.006267292342720492,-0.02119468007321235,0.036311351339884924,0.0033136224023712158,0.006659778173925079,-0.02508665270553247,0.009359632597261443,-0.03412106610693009,0.028239563031994364,0.008148436918018198,-0.007805412432811849,0.01731404751912846,0.0004091591791323382,0.0054237899250376195,-0.006684662694882722,0.011280261428098348,-0.0047358573983536534,0.004796568277383652,0.004995361054250881,-0.019103522956327806,-0.012686382556668263,-0.013839934413104951,-0.0002584415485415734,0.015409700306917597,-0.020225901689183562,-0.01866947639040974
PEAFNOW__2,-3.0466081046842675e-17,-2.5525846085276693e-16,-7.440337408681774e-18,2.8336979030624265e-16,2.9596008803423057e-16,4.2500725161431774e-17,3.300582463588997e-16,-4.509467885910334e-16,-2.312603233911581e-16,5.109573788381061e-16,2.012821333219339e-16,-3.680324274502045e-16,1.9813794702172594e-16,-7.757466544133784e-17,-4.3777373219533455e-16,-1.8176649421719482e-16,-6.862999751833243e-17,-2.6356954813122613e-16,-2.22573153484118e-16,-6.345293214471415e-17,-7.490109064662437e-16,9.849976737030808e-17,-2.4269865631088017e-16,-5.343422644459028e-16,3.337851913268186e-16,-4.711671591078881e-16,8.169463369678276e-17,2.9650218912047333e-16,4.662069341687669e-17,4.273450625487396e-16,2.4962399768763133e-16,-2.265711489951583e-16,-3.3501847129802087e-16,-9.066640667410031e-17,1.0576392192596096e-16,-1.7593890754008523e-16,-1.2283332987902962e-16,3.604972223514302e-17,-3.009474180276639e-16,4.115089345668732e-16,-1.3392946148806095e-16,-2.828683468014681e-16,2.199134700297395e-16,6.499792024050599e-17,-7.250602028496811e-17,-3.28343851673657e-17,-3.266159044612582e-16,-2.4774019641293776e-16,-4.877927217965955e-16,4.1061446777457267e-16
PECERT1__1,-1.061074087678693,0.6330731285258012,0.18600698223765091,-0.5445436586340047,-0.5835343763041033,-0.3990358193522738,0.386272881118236,0.13851261978748058,-0.019078416118466498,-0.03286577318519763,0.10417520835983657,-0.2819598637008896,0.8123586469966991,-0.23158703234412145,0.3600018736591027,0.46215861883250076,-0.006574481805870042,-0.45304732779781803,0.1841779811900811,0.14828732359369273,-0.03492307419764517,-0.3361027980876118,0.10682828996882705,-0.054104139513494735,0.11068607970350668,-0.10775425741389244,-0.02773263353726118,-0.032031211145990474,-0.006151568183705004,-0.05505661259953797,-0.00026792890147329484,0.07183278918365192,-0.07387286125501168,-0.02117897909412665,-0.030600302245536445,-0.13778142304884833,-0.004136918615043108,-0.0024096225776794765,0.03365407234434129,-0.022634874544611272,0.05162491080511939,-0.023198076615247486,-0.0028043556521550497,-0.013764698351548114,-0.021026199477362315,-0.02069244339225467,0.004147709894297676,0.009214931177869843,-0.03996900061976796,0.007754014189250619
PECERT1__2,0.24829411426627188,-0.14814076937546553,-0.04352612078490881,0.12742464166252274,0.1365485716697883,0.09337542635061605,-0.0903888653921926,-0.03241231563770717,0.004464399316452013,0.007690676963517146,-0.02437727147290611,0.06597934623906325,-0.19009405004306437,0.05419197183227255,-0.08424138087278697,-0.10814632667600095,0.0015384459536839053,0.10601426072174826,-0.043098129751698605,-0.03469962191722215,0.00817209078616607,0.07864893462448753,-0.024998099514821782,0.012660510283528085,-0.025900832411911517,0.025214778321024613,0.006489508848029286,0.007495387261571079,0.00143948305896637,0.012883391479110022,6.269606434694487e-05,-0.016809060717569674,0.01728644292290184,0.004955936551748428,0.00716055083293727,0.032241213686691576,0.0009680497858172801,0.0005638579912453462,-0.00787514103041785,0.00529661989850121,-0.012080364275481285,0.005428410657416603,0.0006562265640310139,0.003220975448394002,0.004920185721469071,0.0048420859238253264,-0.0009705749734135157,-0.002156318019074092,0.009352850778500819,-0.0018144596192519115
PECERT3__-1,0.24829411426627188,-0.14814076937546553,-0.04352612078490881,0.12742464166252274,0.1365485716697883,0.09337542635061605,-0.0903888653921926,-0.03241231563770717,0.004464399316452013,0.007690676963517146,-0.02437727147290611,0.06597934623906325,-0.19009405004306437,0.05419197183227255,-0.08424138087278697,-0.10814632667600095,0.0015384459536839053,0.10601426072174826,-0.043098129751698605,-0.03469962191722215,0.00817209078616607,0.07864893462448753,-0.024998099514821782,0.012660510283528085,-0.025900832411911517,0.025214778321024613,0.006489508848029286,0.007495387261571079,0.00143948305896637,0.012883391479110022,6.269606434694487e-05,-0.016809060717569674,0.01728644292290184,0.004955936551748428,0.00716055083293727,0.032241213686691576,0.0009680497858172801,0.0005638579912453462,-0.00787514103041785,0.00529661989850121,-0.012080364275481285,0.005428410657416603,0.0006562265640310139,0.003220975448394002,0.004920185721469071,0.0048420859238253264,-0.0009705749734135157,-0.002156318019074092,0.009352850778500819,-0.0018144596192519115
PECERT3__1,-1.1325358105137406,0.606408524711044,0.18821780355739723,-0.5633473956689002,-0.5857757054311052,-0.36927774319141776,0.3859673143878747,0.13289033483057844,-0.004611779894615872,-0.0249771902292369,0.09983617911623598,-0.275722705495813,0.8015659036039722,-0.19029561647930285,0.3701108942817408,0.4543131396837752,-0.01428029895665457,-0.47014455281852446,0.1925027997745937,0.13761628667172465,-0.037769178697513194,-0.29416875124791664,0.05562582231375934,-0.05077917594908637,0.04416035043168874,-0.015171876308903876,0.02068064445805135,-0.14634366611609356,0.16644540263132593,0.01617198562206522,0.04504631001383059,-0.1990323450466774,-0.07501536087266808,0.16899874506855253,-0.2177834536510403,-0.051053902743143594,0.17072728497314385,-0.020876718626424956,0.027724040742900382,0.06689053241147937,-0.04315813623470477,-0.07004401189639303,0.010592404899163682,-0.053255959153483835,-0.06787931308616145,0.0027563182166003806,-0.08051365628191885,-0.06618846470636999,-0.10183920069902128,0.1513486102106978
PECERT3__2,-0.667175106828463,0.7800491578002704,0.17382087434461616,-0.4408969431564359,-0.5711801085387735,-0.5630631532423539,0.387957173336446,0.16950280903446013,-0.09881891269254353,-0.07634785930671315,0.1280920568365902,-0.31633925119553885,0.8718485452851339,-0.45918645175020034,0.30428067407589976,0.5054031155835536,0.035900194173024765,-0.358806953456878,0.13829135229125494,0.20710637246942012,-0.01923526795094991,-0.5672444170940397,0.389057699311537,-0.07243143008844662,0.47737772833579517,-0.6180708872846884,-0.29458795279664696,0.5980621832596642,-0.9575108162500608,-0.4476706041715364,-0.2500412595549007,1.5648488555253992,-0.06757537195356535,-1.0694438229323993,1.0011583742301624,-0.6158258992356196,-0.9679932160564592,0.09938151852949503,0.06634056955640733,-0.5161013788661553,0.5740716718081369,0.2350180065151908,-0.07664766810684658,0.20391221685912175,0.23722945079244448,-0.14994266201975814,0.47080348771784164,0.4248405222373912,0.3010612431160475,-0.7837433466987259
PECYC__-1,0.09350277251927516,-0.106333029472944,-0.015480944591761397,0.03613839592063249,0.04759410342970454,0.048412421176059144,-0.1035677710070374,-0.026952129688132955,0.04018244095741948,0.011715228750936701,-0.022848967060413665,0.07554126869776151,-0.12413291771958879,0.05814500894700784,0.1545914189986305,0.1339363372778534,-0.09076015432976503,-0.37770989867349436,0.18099759300370483,0.09762413548944086,0.025713958669577187,-0.0809711944517567,-0.08662075089559969,-0.07831643329048982,-0.08627029364666024,0.10608635946453868,-0.020246575797465572,0.07242842095521965,0.018867428748818752,-0.0021063961913384333,-0.003408034236145276,0.006146137929895164,-0.01621751136214362,0.007801770270381521,0.014275121737658991,0.0073497990255419095,0.032689647600126895,0.018621518807540663,-0.014074017928335528,-0.010523432243385119,0.0054164608741890845,0.007981542439207314,-0.0029754358874188014,0.0018947294908374488,-0.008110012983548208,0.02469919403763808,0.0021314064227651924,-0.0004928455111934062,-0.002670354581873284,-0.01323057322714581
PECYC__1,0.10840140790276141,0.12639450259618162,0.06858923978190716,0.004161390607692917,0.0071979453363891195,-0.1908085854121212,0.12631299532841997,0.15951838233843424,-0.2406069911015169,-0.051546459841733075,-0.000525234450424337,-0.17047768246185382,0.2775149034147976,-0.27029901718339633,-0.23700403337664175,-0.4326194844254728,0.18714137639831022,0.9507671818454213,-0.4212959026544899,-0.30433678682565185,0.19830616916309013,0.25119460495732127,0.1109934178957878,0.3881246035841757,0.42346784687319033,-0.5188585094970247,-0.16124641966235564,-0.48765286214109477,0.3823917190590136,0.4037247920810653,-0.675549121335104,0.4003029476358928,0.20606878427512829,-0.017608732751365853,-0.5638701983912082,0.3480228736667388,-0.041222930047645566,-0.3236861753481573,-0.7887251515776942,-0.03861769993384887,0.8684226636201893,0.02528519408632838,-0.7984427437487055,0.041219876474121696,-0.4277525310785152,-0.11645493277657869,-0.613151012074643,-0.52137305552185,-0.5764371839061986,-0.3921935784677601
PECYC__2,-0.017967598110810726,0.1630885526964306,0.01804636090347109,-0.00255391315663816,-0.018836830873451622,-0.13724490299341582,0.2069427779109582,0.11955952168789717,-0.1353632454378189,-0.014229382231578921,0.056697714990742706,-0.11278701633953807,0.2563725289464545,-0.1963325531148392,-0.27367080034504665,-0.39964834969897545,0.13179786357367856,1.0054674816749045,-0.4946147141893745,-0.36863839186010844,-0.1047150015319469,0.11445994509669116,0.18804324774152606,0.28776318975017273,0.19122052174431148,-0.15350476071752708,-0.04909604278443519,-0.43589885224042696,-0.03743632318242085,0.18354418875023235,0.16455844778535053,0.3344258149822176,-0.09057981722036307,-0.05735986980560342,0.19288209528770278,-0.0648581538929067,0.29103952837361524,0.2860943662986679,0.21555174640871777,-0.08461115698901993,-0.1422642982309936,0.12280185609150834,0.5938647923413117,0.18572024106027568,-0.4969224665673539,0.27297820111198706,0.3772665209881326,-0.2519945540191313,0.09383028656400244,-0.28854942755049556
PECYC__3,-0.314398910560346,0.29840472899424386,-0.017052546709764235,-0.11649972865834941,-0.1410118236895448,-0.06405003563577286,0.20755938177394972,0.014899510781389038,-0.03198358161554506,-0.02404997662823088,0.0569325073265821,-0.18241353824364928,0.2435317340405043,-0.1024550800999203,-0.39696238846548243,-0.24920044360334967,0.2245856448588129,0.7911245725637249,-0.3987029188537106,-0.17342006507404997,-0.053953800397151544,0.18368439712916587,0.22306071301382854,0.08419017944112682,0.2444942505025236,-0.19437271114271135,0.13775124098102673,0.05378132638294829,-0.09268920643494413,-0.0995287596188427,-0.03673472769317948,-0.21970723745617168,0.20322063708653884,-0.20866500753166536,-0.16163112772368024,-0.09697853852829866,0.18183897424194875,-0.2662318465779313,-0.08117303038944827,0.3408798967445733,0.1573731476933926,0.12198918405932162,0.14037449538717856,-0.055934279318918464,0.3648814794575987,-0.14283917913313723,0.11614006973659784,0.11259952726341814,0.03564112371543204,0.27273409639373325
PECYC__4,-0.16059663292187318,0.16449757342106594,0.13489321287179828,-0.14519066213707094,-0.10838271254429307,-0.14707041775483864,0.3262791515174539,0.03719173554025798,-0.15218427097615816,0.0035597272348891437,3.724262498651528e-05,-0.15538150398394623,0.35497241689822095,-0.10535158809365917,-0.3142749106190432,-0.25887211504390717,0.42052759118906874,0.841071739643523,-0.2432082535732957,-0.05564945284463293,-0.19172005202044967,0.18527411415668646,0.14826626214044178,-0.03935763402491546,-0.06299932673241727,-0.39379201580481427,-0.24226929990910184,-0.08941211490146098,-0.2395271853459071,-0.21934523363332495,0.23449527634007233,-0.279674657750838,0.2835637130398012,-0.2141380413409331,0.945357970772885,-0.03546819381625804,-1.089540147687403,0.5499477466120515,1.314463364734544,-1.577127551661342,-0.47190649479708313,-0.9559188352789593,-0.4496210359165829,-0.7360395734628723,-0.8275099897683881,-0.5678446428520129,-1.193903439449017,-0.33058582389580143,0.035674133232411545,0.5997104287956632
PECYC__5,-0.5215216904139511,0.25042130080970515,0.2871925817329882,-0.09457243458404921,-0.2748728153622838,-0.16214574490839145,0.47162270421209096,0.08805820454832711,-0.07141442145427933,-0.08358143132864075,0.11732364729298511,-0.248381348513495,0.45785650639303654,0.05699641442029444,-0.34494176447686575,-0.17411142016937914,-0.01166181610962229,0.45417334735894666,-0.28591762663417164,-0.11972314141484092,-0.07942844878384636,0.2598998245966329,0.13887779928146146,0.4455098602636489,-0.17310252831897588,-0.22115249344600765,0.3212345628552186,-0.48080276302839947,0.018712649244925744,-0.05463502444871302,0.41158336530914597,0.1490993313032428,-1.317490817991274,1.774120901878887,-0.40206461940168536,0.2823731223052786,-1.8457824036290322,0.12035746449276902,-0.3593643361814448,0.23013863607182766,-1.3741938274053895,-0.33373995495436515,-1.2622279347566194,0.6441183132258165,0.871763857682999,0.25898193651757434,0.20080448986255262,1.140946434792157,0.2224807973460658,-0.894674526218287
PEDIPGED__-1,-0.19425928926265873,0.05346445876286568,0.07437689173112301,-0.08876868851964231,-0.05962477177733492,-0.07069825349832656,0.0794184818425496,0.056895934468647325,-0.003437125757143276,-0.01023316643915759,0.014974662038412688,-0.07903288578124706,0.2086137552368342,0.046373227769439286,-0.2394751594256345,-0.04516617362781927,0.1246351558126441,0.36771787841329756,-0.15543698142273377,-0.09376745069119632,-0.09033241660332016,0.07269494985463767,0.0932211601377859,0.06441002841840615,0.08195169034109014,-0.14103147835229135,0.012190628001862347,-0.005680784073443763,0.022188587895463876,-0.03804279935426629,-0.025162505869556623,-0.0124979099870268,0.010250391085177123,0.009260577861064,-0.009683693073413128,0.013577127836663976,0.010447263931454462,-0.023306527424882376,0.00254963148855866,-0.0003522323389018587,-0.014416250270934041,-0.010796069862860917,0.006788819061245188,0.005652687467478611,0.006094557548976978,-0.002749931012792044,-0.04215814023751379,-0.017289899132816953,0.0014868452677797533,0.0029916159703317615
PEDIPGED__1,0.34554353160939766,-0.11551581504339867,-0.13882022723304796,0.1332488916159475,0.1185364836652411,0.11475020195946715,-0.15070005156534305,-0.09759433167766013,0.00464418269596626,0.009723317948014988,-0.026420125387974353,0.14176494948525906,-0.3724008444680988,-0.0728287880040139,0.4280803645569204,0.05347810323989282,-0.2092868638205064,-0.6213652797332089,0.2706249356669329,0.1895644731212573,0.1203770521874832,-0.19287125928320362,-0.16940367207574553,-0.12724803718825484,-0.15454181291046767,0.22358530174105315,0.0025587816909436447,-0.00999107991492247,-0.03802601669474503,0.03188305238516127,0.07622610068606354,0.08169736119799728,-0.02268116888087095,0.09889620383395015,0.06721965206753769,0.04757884018993037,0.017472042379916,-0.00994039853347763,-0.08875288233189982,-0.002655320352713251,0.04194281154361931,0.026043900281486503,0.049671098361121734,0.010419673780418321,-0.03236921797548232,-0.00126146267812949,-0.002195657870430252,0.06034736506405835,-0.04790810774945233,0.07776391796878651
PEDIPGED__2,0.30273594155746136,0.12948145389330065,-0.047940441209735056,0.3952955585290941,-0.03714459246876016,0.2249039882831997,-0.02544300382282371,-0.12630538060464158,0.02067646876596945,0.10433425264860763,-0.025592710549947988,0.11083167994276441,-0.31130528440906446,-0.17295105874085248,0.3512273318181858,0.3503999393559472,-0.32360496214045775,-0.9141493606417507,0.3033448606042917,-0.09125994532403278,0.5609027156615416,0.5492937151155802,-0.10791512352950693,0.03176843851250282,-0.036314870454276456,0.5041296614889264,-0.27170814423287015,0.2183323168140121,-0.0496153778744504,0.4323241344605404,-0.2888046441873342,-0.600399298067278,0.03039183764484229,-1.2170320692871717,-0.5060506711886331,-0.7688651819345845,-0.3921214295225148,0.5720870169081689,0.8739094083871566,0.03475897347168638,-0.147439630878232,-0.0544765493311345,-0.6542276805013582,-0.22223521780849814,0.21491338197984738,0.06842393596504429,0.870279400102324,-0.2815269836693813,0.46950684722412106,-0.8707415431413681
PEDISDRS__1,2.7047884193493674,5.046568756352071,7.019173283291007,1.414706111074178,-0.14582412000580217,2.8207045082706914,-1.2146095207279521,0.25033761295696944,1.171298248233621,-0.42865728965775257,-0.7408070570130463,1.1013377380688376,0.9458090846723706,-0.9408270093499251,0.1347907642314523,-0.06242775691916798,0.5105015140759891,-0.21191553582131276,0.24952329589552238,0.6168084654118455,-1.9584309552052015,0.10970775367203224,0.1925690118354067,-0.20053891674532728,-0.4150000807406084,1.4598650173026064,9.473255563387548,0.3271304215945747,2.124636727825598,2.3486522636714,-5.03662308890391,1.7232547338943838,-1.6207030580133932,-0.7759336433053248,-0.470985779805693,-2.481697478813311,0.49846386883039445,0.3289579138654616,0.12487473235717214,-1.1477306980548505,-2.0379818105543204,-2.2493218575357106,2.981676208462794,0.13650616945742391,0.3347005849530155,-0.9911058737194379,-1.189946419607231,0.45984328171530636,-1.2835537336878904,1.9336848095647459
PEDISDRS__2,-0.0051523911659720366,-0.00961328290696918,-0.01337092622792096,-0.002694894438692473,0.0002777825068790764,-0.005373201425391776,0.0023137275063498143,-0.0004768717938468177,-0.002231223227571244,0.000816555563704592,0.0014111742378586588,-0.002097954424747012,-0.001801685609750453,0.0017921951813326532,-0.000256764905496373,0.00011891955058675283,-0.0009724618282613594,0.0004036810150791395,-0.00047532058932217385,-0.0011749675004336872,0.003730643876089449,-0.00020898391046576885,-0.00036682753753434816,0.00038200952639367566,0.0007905397459520397,-0.0027809183020948273,-0.018045743588895602,-0.000623155542328601,-0.004047251692234549,-0.0044739821749866975,0.009594337259046027,-0.003282653239758128,0.0030873010469261797,0.0014780873877403868,0.0008971877259639088,0.00472742195839778,-0.0009495311411219698,-0.0006266367591830286,-0.00023787571081282925,0.0021863290552672165,0.0038821814682411322,0.004284766226181113,-0.005679838780131833,-0.0002600326060927672,-0.0006375760576395125,0.001887972128157544,0.0022667464029730885,-0.0008759622177811992,0.002445060349708748,-0.0036835045799889815
PEDISEAR__1,0.8560220678546114,2.5573459831414693,2.8989002611456054,0.6413628446076703,0.0031717566671779864,0.8702832184876154,-0.3360970937056191,0.09160069391809916,0.30096671423896587,-0.022742830582573162,-0.16006539385030066,0.25676129653800694,-0.34924080816839603,0.5444555251417345,0.5550377703944036,0.3334634957689926,0.12870818043042206,0.10570804608889074,-0.1841387102942276,-0.39361156403951486,0.6579286408859039,0.15132268658943968,0.21740113601783262,0.09727058382527588,0.3416112882098834,-0.5890479682168462,-4.445826242702085,-0.7996834898040558,-0.2944295219936483,-0.9046452944897815,1.4060478388154478,0.3189896539169615,0.5034829118380869,-0.28011978890329436,-0.28278774781132626,0.06771556366011328,0.8333313661587916,0.441652261329164,0.19938157887994257,0.45590904483935174,-0.23286069600053644,-0.1277383257547759,0.05816410914001378,0.03899982190825828,-0.3696415125343575,-0.306537396036409,-0.46735814356460914,0.3692396923538167,-0.37509275553202076,0.7620696219994174
PEDISEAR__2,-0.010491954195661384,-0.03134446870607571,-0.035530776483318635,-0.007860953404258957,-3.887507918453367e-05,-0.010666747982921837,0.004119421034661288,-0.001122716716040445,-0.0036888406254854235,0.0002787506837884559,0.0019618638860525867,-0.003147030740979978,0.004280518809219628,-0.006673195290021522,-0.006802898058966303,-0.004087141973222776,-0.0015775298142340919,-0.0012956254509388352,0.002256921855878054,0.004824355184131258,-0.008063994403192993,-0.0018547076717774396,-0.0026646074287555105,-0.001192210514663782,-0.004187006530802917,0.007219748805153216,0.054490891125276386,0.009801432534419256,0.0036087166144559315,0.011087911573232703,-0.017233421982604344,-0.0039097413062898516,-0.006171008724743406,0.0034333273695121382,0.0034660275810023612,-0.0008299652765214928,-0.010213842436864634,-0.005413172709307797,-0.0024437482065270155,-0.005587912970316387,0.00285408968781665,0.001565642654760344,-0.0007128965383541184,-0.00047800677163131245,0.004530562895469755,0.0037571184660364527,0.005728240450083507,-0.0045256379302297655,0.004597376817666743,-0.009340412903094092
PEDISEYE__1,1.561331341796608,2.5036180562844623,3.4443644272754432,0.8184977252771387,-0.22892653056227028,0.9239201009394445,-0.4582998813507286,0.2300773573544718,0.3707006721667946,0.05750382567161496,-0.4624703762286553,0.3453402602093432,0.29750661615101476,-0.33119333724219485,0.1305180706463326,0.33039730650609284,0.30748733894784014,0.20141586806877576,-0.1860708383821604,0.04543674767007959,0.007145528927552484,-0.39965644852497045,-0.005241050493387793,-0.29231921884806344,-0.053230524898011326,-0.4743339965465593,-2.310315763756006,0.2589270693011507,-0.19971697034631541,-1.8340214525887433,2.5654359341325237,-1.6592517785484049,0.7327006130402639,0.500456834760283,-0.1415376189938039,0.7076438832611555,-0.6391089373306312,1.0644553466975273,0.13376216441472621,-0.22874673527146758,1.5093003646021608,-0.5850873773738177,-0.7935595251823557,0.10479836321997753,0.45847840574128385,-0.11584020347932077,1.032595000652035,0.41704254408087,0.8160778504066799,-1.3724763284031165
PEDISEYE__2,-0.011140677557768298,-0.017864242359201647,-0.024576816239125786,-0.0058402845027028276,0.0016334756070922021,-0.006592512209396144,0.0032701394420336627,-0.001641687182607142,-0.0026450866311992366,-0.00041031109988967467,0.0032998974680511577,-0.0024641306964872664,-0.0021228199249667245,0.002363187160036574,-0.0009312947877292452,-0.0023575071858253226,-0.0021940360797294764,-0.0014371768381915588,0.0013276843664289603,-0.00032420802779995123,-5.098599613785065e-05,0.002851696822902605,3.739683694765673e-05,0.0020858059234093946,0.0003798195157202379,0.003384548794192089,0.01648495888836633,-0.001847540565439661,0.0014250545735426524,0.01308642252310805,-0.01830533581961825,0.01183937615105466,-0.005228090321218051,-0.0035709449227030723,0.0010099233476540364,-0.005049301271354872,0.004560279041664063,-0.0075952832526590824,-0.0009544425986218713,0.0016321927010828014,-0.010769417259315716,0.004174815197740808,0.005662341206050244,-0.0007477751467360484,-0.0032714132796988257,0.0008265627677109957,-0.0073679478801668245,-0.0029757530558058598,-0.005823017799000024,0.009793127071166726
PEDISOUT__1,2.4887788707645497,3.6900039268461864,5.4235834099984865,1.2663486847575234,0.09005596546705673,1.8855845109144382,-0.9904313811645956,0.5327146846249328,0.7779604707525166,-0.43905040813677476,-0.833619396647467,0.805359624120395,1.2071037756667784,-0.9565412788255225,0.38736792330311093,-0.4170054307897927,0.30533054908997825,0.16454677616797758,-0.02192033611497682,0.7169652341065786,-1.3273360634944025,-0.23289318502153425,-0.1546412477034906,-0.2117791764611581,-0.5351107520147643,0.4310472449037672,4.694501121437112,0.5505650614532238,0.47963514080550745,1.2068694242818208,-2.1602045631553657,-0.007088467647117779,-0.4046120685713472,0.45929763459889145,0.6133897458224377,-0.17647677343210588,-0.409253589121587,-0.7683340272029214,-0.3413554597614901,-0.2977437946870674,-0.5706953429418302,0.42399953004038327,0.1443299636604778,0.1449183019666986,0.3289292842884199,0.0914041368912943,-0.2097933598031099,-0.6292106925046724,0.2758720407855891,0.03110719786563552
PEDISOUT__2,-0.014327511212533473,-0.021242776229428776,-0.03122272252937938,-0.007290171574892062,-0.0005184381264807357,-0.010855015501641056,0.005701758756302141,-0.003066755229524017,-0.004478596912947492,0.00252754462011157,0.004799016655418386,-0.004636329559147578,-0.006949107887292445,0.005506658730758794,-0.0022300166277115837,0.002400635128942672,-0.0017577402785776395,-0.0009472700882458707,0.00012619195106425263,-0.00412745686301297,0.007641266388070889,0.0013407296883285681,0.0008902455081156571,0.0012191796390471764,0.0030805490152222004,-0.002481471659470635,-0.027025509676550114,-0.0031695170607006213,-0.002761184586762734,-0.006947758762974627,0.012435960246828649,4.080720102786749e-05,0.002329288478490115,-0.0026441047402433037,-0.003531188955418924,0.001015949219033279,0.00235600898729404,0.004423178981079665,0.0019651300622337167,0.0017140645185290185,0.0032854039468872107,-0.0024408990658527385,-0.000830885056499318,-0.0008342720282301258,-0.0018935945110002332,-0.0005261993387864735,0.0012077476027309417,0.003622267674241624,-0.0015881522476792122,-0.00017907927917776593
PEDISPHY__1,1.4986228605065237,2.9491927349544254,3.863628212598067,0.6666326007532066,-0.15436779468444356,1.2973155856419027,-0.3897499267507181,0.15494227440469402,0.38856053035183574,-0.17671629674247824,-0.4058927204060111,0.4409690053674499,0.13522646070612301,-0.04460321439882776,-0.2481694057991109,0.04580906729120803,0.1310395316224439,-0.17430212548851765,0.13141308410694164,-0.02778014267665754,-0.2326131851871043,0.20166077944572663,0.11049362430997081,-0.0202484181530759,0.0242442393512084,0.2027116336384892,1.5130710879340594,-0.3546560994657524,0.49784813924332,0.4168404695658037,-0.5526184402880961,0.5845262611268448,-0.5072250307456495,-0.3921818359926717,-0.3920681778819202,-0.7621499708452827,0.3172562839646542,0.1477810191053263,-0.061248494367756874,-0.3136846558507029,-0.5009980503684629,-0.4749766207197678,0.9197538804709142,-0.4436381317009697,-0.14626258427650038,-0.09917066174997666,-0.19464734976391074,0.07235789981486125,-0.6325148092330503,0.49125578716030693
PEDISPHY__2,-0.021046536093487764,-0.04141822000626044,-0.054260476582332726,-0.009362133370970584,0.002167928601730129,-0.018219393295940953,0.005473615888937637,-0.002175996547633044,-0.00545691210381705,0.002481789125011578,0.005700323954234887,-0.006192932412921499,-0.0018991092829611345,0.0006264038714938103,0.003485270706923794,-0.0006433387702545923,-0.0018403083955581979,0.002447884702643204,-0.0018455545359015906,0.0003901420370224425,0.003266800425162126,-0.0028321073867848736,-0.0015517633645028182,0.0002843671177883207,-0.00034048410177821503,-0.002846865496567325,-0.021249445810170985,0.004980761067303555,-0.006991738287055554,-0.005854073242268028,0.007760927886499477,-0.00820903869585964,0.00712342657945312,0.005507769422148073,0.005506173216996667,0.010703571454010768,-0.004455521136979874,-0.0020754244676885096,0.0008601688132173704,0.004405361485747186,0.007035975379611343,0.0066705325635845495,-0.012916947787593079,0.00623041740343942,0.0020540996939427385,0.0013927446103621035,0.0027336113576452094,-0.001016188388843943,0.008882985915274713,-0.006899155837052237
PEDISREM__1,1.725525175336276,2.599062936754486,3.4964890619165416,0.9586946027751027,0.24892176702472468,0.8206285682290324,-0.6123114810474979,0.39555739240419635,0.48978543056941426,-0.33160448257871944,-0.5014704988910812,0.40518726012701056,0.8266620068905379,-0.8398223984584424,0.6295988822494232,-0.054019768847764826,0.09938568912476559,0.19254497914261887,-0.04546692787014415,0.10817659744249641,-0.24466956397271256,-0.37366322015863696,-0.26701337772062816,-0.02188583141816306,-0.17545172757255073,-0.20462539330629828,0.12526637930761433,0.5991769260008878,-0.6954731364073456,0.1631920536711624,0.13252489670502124,-0.6825820588985367,0.296791757412503,0.4603752176535803,0.6106428243459313,0.7648050847845241,-0.43989735810167496,-0.7650450823222593,-0.32369684392645165,0.519009252606774,0.410766668966257,0.9146782446344398,-1.009316215845128,0.23710644639935727,0.21205890790455656,0.5306462495708917,0.1557251989039679,-0.26818939192619834,0.5296681361283712,-0.6059919933970238
PEDISREM__2,-0.0232039265612225,-0.03495078853352205,-0.047018888263405195,-0.01289200498225014,-0.003347364897417552,-0.01103536784244054,0.008234032653885311,-0.005319241246252866,-0.006586368790287272,0.004459237205640954,0.006743503250609426,-0.005448738483747977,-0.011116502252771974,0.011293476059832965,-0.008466504247842715,0.0007264285488927499,-0.001336484836414077,-0.002589240435096634,0.0006114145828427168,-0.0014547002029162196,0.003290183577345619,0.0050248202942048395,0.0035906510644132103,0.0002943087891246829,0.002359379660073779,0.002751691291849419,-0.0016845143192289332,-0.008057406282347399,0.009352345484819842,-0.0021945182156047154,-0.0017821229238670353,0.009178993267138284,-0.003991094561477114,-0.006190876200319011,-0.008211593463711076,-0.010284683918060733,0.005915501053108417,0.010287911274763415,0.004352899570476898,-0.006979354896827189,-0.005523767347314264,-0.01230009687428043,0.013572736975545714,-0.003188478874769712,-0.0028516531639195355,-0.007135842919609419,-0.0020941080030291645,0.0036064654655306397,-0.007122689780604321,0.008149051611915035
PEERNCOV__-1,-0.6264864075025932,0.06366821908612288,0.37388195383897177,-0.603500670666263,0.4284830517908131,-0.15773233535957912,0.04135792538207503,-0.19465795974961794,-0.041693000266611484,0.04414963199509607,0.058270002411416354,-0.05087845882715703,-0.03639541532928248,0.07176200429909461,0.3915192893338543,-0.06791819729326541,0.021451139960575922,-0.010569489187311489,0.02941071323548861,-0.10697722249273868,-0.048068232944258396,0.5686755024554018,-0.2437143240229982,0.1802807255617808,-0.17434809329187753,0.3711305531097044,0.09029841537697651,-0.5590760663110508,0.3964815464297595,0.03014181613809818,-0.09196468881702798,-0.18476923891479102,-0.0029857535672613367,-0.10215830330270952,-0.041813804696610696,0.5652430293571263,-0.06536826954349391,0.04831882333231518,-0.0801231622306847,-0.04423036532295443,-0.04952693896255269,-0.1558938630949337,-0.02407223995311246,-0.13368233608770985,-0.1627519399848953,0.1793200692337521,0.20248902138858704,-0.05956923253289031,0.15090709726217078,-0.09750916216266894
PEERNCOV__1,-0.40700489603093726,0.008669234006611203,0.20118383404633824,-0.06161131456543026,-0.04562564145754879,-0.07243901006932219,0.14762580247290266,-0.10037439094498642,0.11884768160139522,-0.20210773681989783,0.10273145962849584,-0.11157952364943219,-0.013221620880924427,-0.029948158328197347,0.24323174287379312,0.024441083551822066,-0.24519854370965843,0.11450101011651452,0.043584510801348404,-0.21302547709581235,-0.02015893217393548,0.13882494717994204,-0.46840530394628876,0.11903445962093509,-0.06150724832886749,0.6510390943829608,-0.010684440742950328,0.09906196442510674,-0.6012023939600689,-0.03630633181267822,0.9340068897625377,1.1807612097079279,-0.058086227928269146,0.6480357303337305,-2.426943135298818,-0.25360951213505045,2.089862744904646,0.3886631487877594,0.21871989846274426,-0.16112392644334708,0.49552159630432924,1.3044583366698672,1.2188264210313986,-1.0142724581619977,-0.3776142381703578,-1.3196903880557997,-1.2102331134230342,-0.7165950431844672,-0.48230502131977515,0.4443704184371879
PEERNCOV__2,0.08373818880979313,-0.008054923942944412,-0.049393513378928354,0.07606502486153414,-0.052761622005044403,0.02066486754850969,-0.0072092662631703846,0.025655405704279804,0.0035410628674209113,-0.00268802146890119,-0.008691782459577928,0.007893847246855636,0.004719613015405844,-0.008525909783831357,-0.05217685795613085,0.008123572869404742,0.0007405556615368872,-0.0002769808325159953,-0.004271916483263969,0.01629715618462212,0.006270844313229418,-0.07280017239337215,0.03689261447370341,-0.024123532400442,0.022583298795566524,-0.05531371921854319,-0.011104084227378613,0.06829194153924734,-0.041038666424708346,-0.003250750210128309,-0.0015431647109459125,0.006586562195083562,0.0011807813772845162,0.00370856148950929,0.03899972550593234,-0.06690877992160639,-0.020949894522248012,-0.011432548619462933,0.006939700958822016,0.0077551516886511206,-0.0007269030250137023,0.0012659958428858696,-0.013969189785959107,0.030780412158790266,0.025539184689866382,-0.003973263262482299,-0.008384451207052937,0.017400166433670747,-0.012090929838683283,0.005964710436187737
PEERNHRY__1,-3.0466081046842675e-17,-2.5525846085276693e-16,-7.440337408681774e-18,2.8336979030624265e-16,2.9596008803423057e-16,4.2500725161431774e-17,3.300582463588997e-16,-4.509467885910334e-16,-2.312603233911581e-16,5.109573788381061e-16,2.012821333219339e-16,-3.680324274502045e-16,1.9813794702172594e-16,-7.757466544133784e-17,-4.3777373219533455e-16,-1.8176649421719482e-16,-6.862999751833243e-17,-2.6356954813122613e-16,-2.22573153484118e-16,-6.345293214471415e-17,-7.490109064662437e-16,9.849976737030808e-17,-2.4269865631088017e-16,-5.343422644459028e-16,3.337851913268186e-16,-4.711671591078881e-16,8.169463369678276e-17,2.9650218912047333e-16,4.662069341687669e-17,4.273450625487396e-16,2.4962399768763133e-16,-2.265711489951583e-16,-3.3501847129802087e-16,-9.066640667410031e-17,1.0576392192596096e-16,-1.7593890754008523e-16,-1.2283332987902962e-16,3.604972223514302e-17,-3.009474180276639e-16,4.115089345668732e-16,-1.3392946148806095e-16,-2.828683468014681e-16,2.199134700297395e-16,6.499792024050599e-17,-7.250602028496811e-17,-3.28343851673657e-17,-3.266159044612582e-16,-2.4774019641293776e-16,-4.877927217965955e-16,4.1061446777457267e-16
PEGRPROF__-1,-3.0466081046842675e-17,-2.5525846085276693e-16,-7.440337408681774e-18,2.8336979030624265e-16,2.9596008803423057e-16,4.2500725161431774e-17,3.300582463588997e-16,-4.509467885910334e-16,-2.312603233911581e-16,5.109573788381061e-16,2.012821333219339e-16,-3.680324274502045e-16,1.9813794702172594e-16,-7.757466544133784e-17,-4.3777373219533455e-16,-1.8176649421719482e-16,-6.862999751833243e-17,-2.6356954813122613e-16,-2.22573153484118e-16,-6.345293214471415e-17,-7.490109064662437e-16,9.849976737030808e-17,-2.4269865631088017e-16,-5.343422644459028e-16,3.337851913268186e-16,-4.711671591078881e-16,8.169463369678276e-17,2.9650218912047333e-16,4.662069341687669e-17,4.273450625487396e-16,2.4962399768763133e-16,-2.265711489951583e-16,-3.3501847129802087e-16,-9.066640667410031e-17,1.0576392192596096e-16,-1.7593890754008523e-16,-1.2283332987902962e-16,3.604972223514302e-17,-3.009474180276639e-16,4.115089345668732e-16,-1.3392946148806095e-16,-2.828683468014681e-16,2.199134700297395e-16,6.499792024050599e-17,-7.250602028496811e-17,-3.28343851673657e-17,-3.266159044612582e-16,-2.4774019641293776e-16,-4.877927217965955e-16,4.1061446777457267e-16
PEHSPNOW__1,0.3067034459393619,-0.9370189639822364,0.49466684885878176,0.10712069983173125,-0.1643393859035584,-0.03690908610333882,0.07897203256549505,-0.014129853672025381,-0.04996764026979174,0.02920827298680073,-0.002488139910458453,-0.06016678884170134,-0.09533083603640316,-0.011245962030481001,-0.1591220427501638,0.533793643253095,0.4488582580541271,-0.11895435527277302,0.03625169158983471,-0.19177708085923167,-0.04216314698407535,-0.21894910248501318,0.21580456672437787,0.08086276909859609,0.44386398917661174,0.0774526918818815,0.010054687741852907,-0.12351471666375514,0.11769443906458635,-0.04650333236648762,0.048572363358977834,0.03168207210364282,-0.1115144313388996,0.04962524291036694,0.0035556707433457317,0.06258437869652421,0.019600597103156724,-0.00997251286511012,-0.05874667507087774,0.001975434381603849,-0.02891175043873845,-0.06469398932970809,-0.05854120309855238,0.011493517509777878,0.02743701913217744,0.05691352322201139,0.08970642265247512,-0.013664138685853793,0.02103363944242685,0.0060113117087277615
PEHSPNOW__2,-0.09780346655387175,0.2988023255607597,-0.15774238355715833,-0.034159302485604615,0.0524055462874727,0.011769794620943347,-0.025183083685462036,0.004505813968898416,0.01593398606570787,-0.00931411233874922,0.0007934332389668338,0.01918635280444966,0.03039967876879495,0.0035861810027778248,0.05074180806294592,-0.17021937453188993,-0.14313466056623764,0.0379328907496465,-0.01156016064660959,0.06115504589838655,0.01344524161843941,0.06981982597654612,-0.06881707722310208,-0.025786013289696867,-0.14154205762815428,-0.024698587056223683,-0.003206300187655297,0.039387126620426094,-0.03753112098031584,0.014829266419943468,-0.015489051649460194,-0.01010297249793111,0.0355604024021441,-0.015824800306193675,-0.0011338539857556904,-0.01995728861113151,-0.006250358020410253,0.003180095761472812,0.018733498258710807,-0.0006299385710475253,0.009219555419041636,0.020630014124117427,0.01866797610224687,-0.0036651230047676756,-0.008749284100193724,-0.01814893161000717,-0.02860613150493779,0.004357303931999145,-0.006707335306954823,-0.0019169237627852588
PEMARITL__1,-0.6776586047263005,-0.02698079665397673,0.14521857890437065,0.19780416983362345,-0.046886508042059044,0.2516562302713909,-0.11696695728672235,-0.03195316619255389,0.06438786857039876,0.021041192013527037,0.02713422695355087,0.0871106245373507,-0.303019594290537,0.23086920594417132,-0.0366750569177891,-0.0131220622955412,0.023114749428178927,0.08184407607228233,-0.038714349169971206,0.0388483105115503,-0.02458544835583533,-0.1751982837950733,0.026573654637008063,-0.01000533161279761,-0.04071658586162399,0.006881229401162946,0.026711645281382014,0.1102639326407516,0.09533860154006259,-0.060041285210032096,0.08623810501332162,0.03025766695415495,-0.028618668372685438,-0.06026770577080805,-0.03411041094001222,-0.02677951277407795,-0.0345932038660606,-0.02295959814064458,0.006561764557048693,-0.05191092575747596,0.03774756405181623,0.005654753973452362,0.02205206088937228,-0.002908370369858976,0.023566457263981582,0.03182165815941802,0.020236342278973436,-0.01702156721031481,0.03635154372932857,0.0019420000925233266
PEMARITL__2,0.5896584148426469,-0.40721394655166376,0.2074940929980069,-0.32055899938921406,-0.2646641784877876,-0.16103359064150327,0.1651929479671743,-0.12417128192785193,0.004360313309449332,0.05640511221631446,0.011110800007320263,-0.11092522638761791,0.019546022523490525,-0.250580321996027,-0.38746437249063476,0.8582284182726052,0.15133879452548915,-0.5925345715326106,0.35889333721042144,-0.2729471577289471,-0.6015800458293784,1.2435746899644753,0.09331489630002811,0.23279396613903727,0.12466368375909871,-1.019707924461928,0.24114722827846277,0.4843966132748319,0.02021780195454767,-0.6545167174681631,-0.8320532676069372,1.0073578629760054,0.690648515758536,0.6877367913010339,-0.31434768305345656,-0.07671985281051316,-0.29851766251289585,-0.21904209241385356,0.28245798996379984,0.8325199632887932,0.2290992072110751,0.05247533440140799,0.40234267373431704,-0.10166990783181179,0.9844383903990424,-1.157358894741962,0.96389216599144,-0.1870879083269955,0.4414741693609076,0.0031837645762287053
PEMARITL__3,0.7342975597042866,0.811812993069049,0.07046296833920308,-0.6023605409297468,-0.11126891580372045,-0.24877034639633558,0.4368332115073987,-0.0796804929500613,0.046647095710655465,0.22417249357473534,0.13786009260578902,-0.023726447418769017,-0.6027569749437196,0.6640849761955521,-1.7189548640414525,-0.03695183113743815,-0.8847920056478273,-0.6796808300778642,0.25465377340632367,-0.0989394115364235,0.8862152038567331,-0.2633414726444811,0.036117733493328585,-0.09441267530098593,0.010294396573649481,-0.09424917867350413,-1.6360799050401162,-0.6900544212772299,0.805262598105084,0.13817044124456232,-2.5905531585628716,0.21352462875676098,-1.01805917358779,0.5233689670172429,-0.4986005162239931,-0.3655138113919011,-0.03567586698955086,-0.48321126002579023,-0.45874259031603704,0.03811513594682072,-0.26825744405463964,-0.038895292614603345,0.19742180946172316,0.1273567937059478,0.08381506973957119,-0.3527815028517129,0.2312494125387992,-0.05052566737291415,-0.29183562006409935,-0.2034554793085137
PEMARITL__4,0.3858867760395543,0.5562279937477824,-0.00014113810298772356,-0.4426436581929579,-0.1763840509023271,-0.2324256366436209,0.43507137912127536,-0.08282418831162529,-0.07214070613315579,0.0012641126827102399,0.02573377474023735,-0.21796750809056928,-0.12479711099281342,-0.05518978287979292,-0.5785086334068189,0.09774001985088908,-0.14509052143736056,-0.44533302345082526,0.29145093962474533,-0.421227073401538,0.24848886979685758,1.1545605077895,0.11453334700125756,-0.06701231984854521,0.33837705211067187,0.44983359426608743,0.23350915726852292,-0.03511262624579439,-0.8804095338904151,0.34351666427400457,0.22090461707468523,-0.15806835982181303,0.15505481512728458,0.21145951707083838,0.4122144689715043,0.2256125665763914,0.17841907397267878,0.13551831604013323,-0.17790363909106738,-0.06616451255283605,-0.14653072605351158,0.05487080641132534,-0.1479651222924692,0.04505714813084965,-0.19788316196073813,0.2596019270565745,-0.2537905260118247,0.04551203515396099,-0.19120001849892904,-0.032642339464369285
PEMARITL__5,0.5812747322526582,-0.24466853108910344,0.10207942856123359,-0.3003504431123157,-0.4958194308048889,0.19026949369317103,0.20601169078610848,0.047053011375115354,0.10722875265565256,-0.018865643254021985,-0.06689971334327177,-0.08008035049453642,0.21574917640795838,-0.6506648833506926,-0.7086100991697691,0.46665961364120306,-0.10243689269513348,-0.7558580978664275,0.4013632243774176,-0.5361029587243734,0.274305329334167,1.490232471847403,0.21770670436057946,0.20675559025502951,0.30354069150225854,0.2700574885269093,-0.06573758529415934,0.0667113642588562,0.7542378722931872,-0.39278600350848747,0.729597067387518,0.20265002915907765,-0.10973942378138979,-0.5968185835204427,0.008878691123634068,-0.6507536580188222,-0.20968339061519353,0.045301697502679664,0.4943903077548976,0.554650689542997,0.4686157087002801,0.423279008077756,-0.2708464076074395,-0.2709444282558755,-0.25618154733674736,-0.6852908576081844,-0.29612938976631276,0.20341995196686677,0.723306777088581,0.2165228904729781
PEMARITL__6,0.7478973867735419,-0.1429601732422836,-0.23113136371091897,-0.07777525689680055,0.17591796990225225,-0.2831111301075795,-0.012722955654204704,0.07898476526471446,-0.08142451406100619,-0.04554077574856813,-0.051146659249545076,-0.04669826948264339,0.49586057336942246,-0.298509189240643,0.4009436323516102,-0.08292856503470743,0.06361536716364495,0.14023306869856914,-0.09397116815810108,0.1295475209856411,-0.08354284725305475,-0.2493566283765827,-0.09538848508726314,0.014879295744765516,-0.07273407631551039,-0.1117971362305181,-0.01972834185148097,-0.13551989546360027,0.030200159720924852,0.032409831108063725,-0.048896562454464394,-0.07086206096943048,0.02880658840828429,-0.0002913030658017648,-0.03274266061261814,0.040634645133022,0.026552723398726243,0.027841100414333107,0.02406611400906857,0.013930676882822953,-0.037562626457861854,-0.0548486062277126,0.0012498488740071028,0.006704445361256126,-0.00802379370409044,-0.0005829149884623654,0.008924466263237969,0.008445707348773422,-0.04855678376615098,0.003990200047594403
PEMJOT__1,-0.303747645350219,0.33047621367039837,0.07776965432364193,-0.24672542595528657,-0.030560396433038813,-0.30461513133737317,0.18365263043359495,0.11578410517629807,0.025340057092528866,-0.06846117384109987,0.00998209265001283,-0.12619727269709524,0.24160364352697142,-0.1842478031955897,-0.12075139728465754,0.11947185101774666,-0.16189723456516092,0.15103032109568904,0.02110323525989884,0.19397075245034398,-0.01183738075744626,0.03177652732798916,0.20848429551726724,-0.19725468707279928,-0.0034692950335205564,-0.09069629128717879,-0.07990784043767067,0.39213044995937146,-0.46540381672957143,0.0038961992233856385,0.10594586165048271,1.3724487633313616,0.5155497135485673,-0.09221817352514512,0.874694107392582,0.9790607844946028,-0.4732916172110041,0.17191163593780567,-1.4479436238521746,-0.14794349469937768,0.39271772894331447,0.37244270990924394,0.42560548142743426,0.3040204129057355,0.6769410013962729,0.45629269262301764,0.6708398245823469,0.02815187072241051,0.27216169601773865,-0.1658670794284811
PEMJOT__2,0.013372537845607093,-0.014549267268508352,-0.0034238212595314177,0.010862125670987757,0.0013454262580586257,0.013410729052588805,-0.008085335931038443,-0.00509741343543498,-0.0011155999977845235,0.0030140139426904594,-0.0004394631984280301,0.005555854772827705,-0.010636638394268963,0.008111538505466153,0.005316099251525349,-0.0052597670259387184,0.007127551207271157,-0.0066491336331438045,-0.0009290732504360356,-0.008539592875172433,0.0005211425490691829,-0.0013989666119239472,-0.009178553890697551,0.00868416861326733,0.00015273625933772604,0.003992918484340708,0.0035179552393943964,-0.017263604715192154,0.020489476208220177,-0.00017153078341904695,-0.004664283217316593,-0.06042227259949415,-0.02269715720025174,0.004059919589157237,-0.03850854560847835,-0.04310330497774997,0.020836737864635278,-0.007568436802293288,0.06374594570418352,0.006513235615696296,-0.017289459764800136,-0.016396848863929288,-0.018737348238943425,-0.013384546480126675,-0.029802434023735353,-0.02008835753686247,-0.02953382875519803,-0.0012393905349491433,-0.011981961459900955,0.007302324251568775
PESEX__1,-0.002406992537667475,-0.07912962683099772,0.022051759769501786,0.08134273170817372,0.11593492945667769,-0.025157974702288314,-0.0020756902513002357,-0.039300118928959155,-0.05234325212597927,0.02139838861492253,0.0002858411534128191,0.006729551496220785,-0.20145100323319978,0.1362092987334248,0.6097251586473669,0.14405090965273715,0.18829327551611688,0.07382303139812747,-0.07737857794664522,-0.02782478657632793,-0.15353716306310788,0.2400106379028421,-0.03323190160886661,0.08423728105649222,0.014753789586138998,-0.09439299818981563,-0.04822396598483849,-0.04214023046180642,0.02180357024326718,-0.028001552597839742,-0.07925655184201759,0.0006418533066424824,0.001112929538353495,0.019257545127774927,0.022406855220849207,-0.04511438688710723,-0.015444483943449328,-0.05128072810803248,-0.04158258666051004,-0.024532624532302226,-0.011196635192131604,0.003391231014002296,0.021514259081653993,0.026102507228009237,0.020537915291141313,-0.014213048204841847,-0.002297335852342767,0.00607577409427033,-0.03883401385371484,0.0004380068840436744
PESEX__2,0.0023517535208570782,0.07731364995599317,-0.021545685276314976,-0.07947596542040605,-0.11327429324075991,0.024580614463008268,0.0020280544207404282,0.038398205069155464,0.051142006281280225,-0.020907308592895864,-0.0002792812725522464,-0.006575112376694445,0.19682782506379995,-0.13308337805660045,-0.5957323365836843,-0.14074502876805478,-0.18397205920624682,-0.07212883766525442,0.07560278658000621,0.027186224624273423,0.15001357842429813,-0.23450253953764394,0.032469249650921184,-0.08230408661923756,-0.014415199076109445,0.09222673621260212,0.04711725525515852,0.041173137767316945,-0.02130319154896508,0.027358933972954455,0.07743766211510131,-0.0006271231630963591,-0.0010873884814062333,-0.018815596163500606,-0.021892631502727203,0.04407903910906224,0.015090042417425243,0.05010386654420322,0.04062829155256436,0.02396961569960667,0.010939679214944754,-0.0033134043219551655,-0.021020519902792342,-0.025503470540942083,-0.02006658260927299,0.01388686738108489,0.0022446133898581023,-0.005936338769035313,0.03794279682229079,-0.0004279548920852243
PRCITSHP__1,-0.008783473985585356,0.24040639357670493,-0.13421260004154512,0.05711056683488667,0.022953473716075118,-0.060545667004814376,0.023530599199878675,0.005129951520524385,-0.041105429730650365,-0.008752480468694982,0.009758659778270557,-0.01396765080298972,0.06624162546064492,-0.024985268665913003,0.12184537342843783,-0.1392098397249251,-0.05099750391227477,0.07586822295596472,-0.06233527164684594,-0.014708598480749981,0.13747798454336274,-0.016603505439610845,-0.01099797696980864,0.004073711186862235,-0.054820509208811465,0.12699676868575271,0.016370075232134733,-0.03919851534661427,0.0037084613298306117,-0.018237625109560146,-0.010195755643820087,0.007425626036437787,-0.01746899561095058,-0.011591927279532224,0.03223971095572003,0.015956086908314165,0.017144673737865376,0.018410120535131153,0.007447462159145685,0.0024686839062622637,-0.015682939894601858,0.011608880891668704,-0.0023997879132085266,0.004147756953838164,0.0023167240046773003,-0.013120816885227258,0.0017963609646271773,0.007986083332825598,0.009807282878373465,0.01751282997430041
PRCITSHP__2,0.4601079901707617,-0.5708088842789679,0.10420397751475935,-0.9912672469515842,-0.5245448913529203,0.08089386076293127,-0.4571349123659762,0.14192319229497463,0.73565773719157,-0.1772607089834448,-0.46784354119119037,0.6497418746579506,-0.4395496452044655,-0.34658439083175735,0.011153795879572027,1.354487632693314,0.8507932548670798,0.0317762641343213,-0.0956123203209068,-0.43022158263639954,-0.574881414977809,-0.5321303067532238,1.102711730878317,0.29736956017467586,3.6309396658571202,2.5295835462995075,-0.5913807625544016,-0.03164389731507297,0.7837315595433151,2.77144288395589,1.0531314925489124,-0.8777216612572502,2.8531718722928314,-0.6829018279118612,-1.4042429812094355,0.5813121294169614,-1.0343775919692835,-0.6417942019434733,0.1425926068019967,-1.7474473826533186,0.5561867763622645,-1.2040248415792427,0.4879331815427658,0.6420936811925511,0.38783263785918864,0.19635600967322153,0.999648005985145,-0.12196869148561566,-0.02419205300828058,-0.4805682054028457
PRCITSHP__3,-0.24793592052428445,-0.25637508549481636,0.4033324876977859,-0.27830756355726693,0.015357583443962836,-0.08281345369706038,0.23380911018539452,-0.11980747717571279,0.14249400035884197,0.15412357652365524,0.04588391245291297,-0.3109190241772648,0.029794012308059697,0.39384763524890315,-0.18958791567247588,-0.23833109133778826,-0.24366664669919935,0.016575888388030428,-0.009344964477880913,0.8537865124162954,-0.9064372985841452,0.4669804937459766,-0.9845607404873529,-0.22505241129858625,-0.2666688602762777,-1.760331436729966,-1.0807515516863315,1.850651174934245,-0.8528760099553636,3.803040207188593,0.6278486286104407,-0.8972109840633239,-0.6234411038099991,2.8182066115204547,-0.15989291686822935,-1.5792961834818726,-1.0031437968424932,-1.1250048304885394,0.8025313078279991,0.9318505968113913,0.42115328239041405,-1.6184108263755554,0.7430574861237369,-0.5137920370895277,-1.092227367514416,0.48321554743629386,-0.5456257975690573,0.09244648571635336,0.7503101086201337,-1.0091364383077663
PRCITSHP__4,-0.2933079748536238,-0.6869108082344462,0.6028934510230104,-0.578859465202478,0.021212553384925417,0.24736066317299116,-0.09093172882133678,-0.03293485598666903,0.22052502576019103,-0.005588772209504697,0.0746532731412083,0.037363253861380556,-0.2526254230427098,0.3489952851132388,-0.7703672384296857,0.16705353955557725,0.010411851306506804,-0.36837004309206245,0.3680437770767113,0.2300414896809997,-0.757519828874,0.15926643711041114,-0.30287730081043057,-0.17254084351348437,-0.33729923816897905,-0.9128918933066603,-0.04199364470699772,-0.47616734765205265,-0.47227131145988216,0.3932869546074486,0.13743768189402414,-0.3143021589477077,0.4379137134288315,-0.3669847198329974,-0.2038137204624135,-0.07482087374442009,0.03427858908564412,0.09697482846792778,-0.11118066281926049,0.011391990754585765,-0.09228109460237784,0.22646974853502919,-0.173363679195496,0.18336680239532213,-0.014675712711624798,-0.10908178259960802,0.21994504996241973,0.04041310568126384,-0.30749224839771083,0.03270978515672698
PRCITSHP__5,0.2733459993039088,-1.1756582212844755,0.48519697970379905,0.11897067121207645,-0.14697275962241563,0.2539712613949185,-0.08539964366925196,-0.014383881636518913,0.06756474266163012,0.07077690966248361,-0.09758562277037386,0.047583244758373576,-0.26141807154055235,-0.08706433044248013,-0.28932412298397214,0.8095847369868248,0.3203893276934304,-0.2770529369379993,0.18221793798920866,-0.097279229465373,-0.3199407474886236,0.005867142248529394,0.3013240744319027,0.09660014907334326,0.41146784433690925,-0.29327086403817926,0.032197266698342504,0.5254808089139862,0.33796516973398527,-0.6420420940028191,-0.15312460508576942,0.31542606967335585,-0.37578674180130617,0.21895127399823602,0.03538728690491002,0.008789414104114983,-0.004786815048690582,-0.08274853983588754,-0.03635200504887503,0.03680900749679351,0.11512002732017651,-0.05594539935850504,0.062328497642240445,-0.1827079380643953,0.042607429236180126,0.13150606345239418,-0.21780799828075062,-0.08715687907773528,0.11328166082773855,-0.04687488249505394
PRDISFLG__1,1.3006535108409505,2.465037246719016,3.1440840902382914,0.7034571776613324,0.01316236707724006,0.9007660744149489,-0.4157439451599539,0.19851074246549827,0.34451402760300387,-0.1431142297842845,-0.34585098713053036,0.34084507575889916,0.21932504913551695,-0.1489078191793193,0.25983303076093084,0.10647799450525477,0.13226870380193087,0.0604899395849645,-0.05652666947266191,-0.05281206349954791,0.046905546946710494,-0.05573140086178477,0.00922897851683586,-0.02215920563487456,0.03929814938880423,-0.1965748372701369,-0.9277258024898085,-0.10246526538135459,-0.14724316743832652,-0.28336103937626567,0.5635344178133399,-0.14100566863617678,0.16982566776331412,0.02001676873174719,-0.004732954303755929,0.11307917561356787,0.0727806486645727,0.0793101794061028,-0.03656936271725209,0.1416521513845405,0.09151206719844644,0.03530183184912853,-0.11736450974686098,-0.04844389389874256,-0.017495810802479705,0.020128883083304107,-0.00017195716771264632,0.062271614615049986,-0.009386923054872863,-0.02155725943295473
PRDISFLG__2,-0.056439149589197574,-0.10696515617027498,-0.1364309793584023,-0.030525058786757316,-0.000571153499550822,-0.03908686732864727,0.018040342424874733,-0.008613960132879388,-0.014949468538236158,0.006210143866767633,0.015007483111786919,-0.014790262016100309,-0.0095171536105829,0.0064615446093932195,-0.011274913087229284,-0.0046203907572236955,-0.005739524860098894,-0.002624834916003375,0.002452857065740478,0.002291669477782688,-0.0020353684963937083,0.0024183480410706957,-0.00040047229698457205,0.0009615525665979352,-0.0017052613270530969,0.008529955559792033,0.04025672856610896,0.004446266736185885,0.006389310514885662,0.012295862007682543,-0.024453402109424247,0.0061186472482869115,-0.007369231072756918,-0.0008685859802993466,0.00020537669234902447,-0.0049068352598772725,-0.003158164632579941,-0.0034415000168284216,0.0015868513140334635,-0.006146700020402916,-0.003970975518676467,-0.0015318494525247103,0.0050927884074087005,0.0021021218577010987,0.0007591942626033424,-0.0008734509490291407,7.461723072392057e-06,-0.0027021469923589657,0.0004073259711827932,0.0009354323651374135
PTDTRACE__1,-0.08944012497873845,0.011953642692012567,0.04397705398194721,0.11599197228362343,0.05805582803729376,-0.08965493991430581,-0.018775062718435657,-0.00828663054537655,-0.024718284492504353,0.007178963201617878,-0.00753041690563877,-0.004889310758379299,-0.07426241590147918,0.024882305836495578,0.034187943846796166,0.07482351387733172,0.1340090008761168,0.001347860124563269,-0.017287381671029924,-0.10768581784353153,0.13487983065425524,-0.13142608256125687,0.0891204575296979,0.00883255332166499,0.12540013362224262,0.10907554004477539,0.026995803173232292,0.0034754906588367,-0.09640965489063143,-0.03454350001572872,-0.05035621587385627,-0.03947333643645389,-0.029139885378536956,0.047112564250770914,0.007294147311265993,0.0022804208834836326,0.025430671775980244,0.01138044533733115,-0.007581395774481985,0.008182514981234743,-0.05290527577653288,0.008005868269508859,-0.02363083578658436,0.001218534922789384,-0.02282671122050039,0.010800634828384845,0.009185113265744024,-0.009556479220250363,0.03015883363764203,-0.006405802771619843
PTDTRACE__2,0.5415520220249046,0.2993177098580667,-0.5391854153334044,-0.4881207906749098,-0.42866682065194806,0.4404715391291337,-0.0029079680697400283,0.0703358569170956,0.06493074373417447,0.020542639577699046,0.06696101373966346,0.0719538629159237,0.27883190769984384,-0.24671731301748479,-0.12342194871570081,-0.11338902039498389,-0.2883455056738725,0.08488317320416619,-0.07507627445818336,0.17142141158133173,-0.30489844516529535,0.48233995335451996,-0.3066314576661553,0.09240134477933318,-0.7148117612001345,0.07784172027727711,-0.006177055805752122,-0.18431168425774247,0.4000866007681223,-0.2981160218149818,0.2336007133134071,0.19094064417772605,0.09010383321876068,-0.0806021279335059,-0.046973875737964965,-0.04780502215094471,0.029164415380381083,-0.08462612429311427,-0.09755135847897776,-0.1216630531046143,0.1652331848005211,-0.05557836119816276,0.08056839396532658,0.07423298392660893,0.20457261654783432,-0.012367304162135039,0.14479734193431487,-0.012327666221647915,-0.03048060168402594,0.026423763694455323
PTDTRACE__3,0.3128926402809438,-0.3716896231371783,0.4461834203756223,0.9235542730723151,-0.5447894703007977,-0.763938689134007,0.5383936728630729,-0.14789981053443613,0.22144778179143626,-0.26472421171297544,0.31728637069820476,-0.3151935983235404,-0.01826208725869433,-0.04152986286504369,0.5032046244960897,-0.7497686366988806,-1.249898148034066,0.10440936905924474,1.387547554125407,-1.5323989618725864,0.4667194846690942,0.43704490383750444,0.29922242056190945,0.11473651730912633,0.7986360826723258,-1.7059011232533923,0.0806088877168678,-0.7968884318722409,2.7099324164137304,1.4022697620206868,-0.24506536924164518,-0.4652039107064144,-0.40015374585061014,0.22953712260071607,1.127309326358907,0.23309967690764502,0.3404555424496818,0.3447816089091834,0.3414272349622782,-0.4205663122317814,1.151951881499972,0.3807383813053652,0.02989474954943778,-0.5184448134979521,0.2258839954019033,-0.5554354664060758,0.5316179715054371,0.2369754514637427,0.14144128878345108,-0.20050555448832647
PTDTRACE__4,-0.4572898676631916,-0.8206505226758092,0.6758756356008505,-0.6272751716981207,0.4118149018628822,0.35148602405919827,-0.0008355012972074948,-0.10119024726704087,0.1627388817482351,0.04792723139743254,-0.07409307090712099,-0.08719339690494064,0.08500316751494706,0.40034524531271387,-0.5626414613290978,-0.3161110352835951,-0.47864994050836335,-0.3773578803570374,0.38748751126789815,1.0203727083960161,-1.2013513301828211,0.29333686805524856,-0.6190024877556258,-0.4046061371176068,-0.720756607355497,-1.9778259345893232,-0.2750388895918455,0.45826644887550283,-0.5615084280703131,0.5204790716255683,-0.14954669180368363,-0.40776653546482106,0.3694327885604801,-0.08808853473121037,-0.11968443378757816,-0.2806034298128965,-0.24235229850907336,0.04555469600826944,0.10762605706914118,0.13626942958988314,0.11306636076229383,0.12896834710056687,0.25041971080644876,-0.0018117997714579837,-0.3472925523860707,0.01923981764911735,-0.362188716337089,0.03526268176105061,-0.3673361236372482,-0.0036171346212215934
PTDTRACE__5,0.04829107651069515,-1.037084383248162,0.7962904595959428,-0.10064311511278821,0.6497375584769534,0.23480077005836153,0.7980629732240614,-0.17424172115545505,0.22432826063212913,-0.879213124761387,-0.059630415151014374,-0.40748655704817005,0.26332401390223803,0.38257758092961425,0.76925385881377,-1.4366229077628598,-2.583874733346788,0.05153214279653495,-0.7613439447889387,3.651916137587981,-1.2525100486135468,1.4067189807952498,0.8864339282699003,-0.37353296285992316,3.210171078879593,2.283720335853788,0.11598047029243017,0.4577257472560922,0.09853456766347209,0.9751836917775223,0.012476420872798613,0.6228923807321264,3.179495458429568,-0.18286407024563894,-1.898165092128457,-1.385695358081576,0.31496279716006387,1.5176740954431516,1.3446580582477736,-2.33818666660922,0.16205767604583318,-0.6937661347966396,-2.25771296925897,0.7727831138390995,1.1321788659953502,0.6893326010816174,-0.3624468074101246,-0.1703905222968839,-0.5570246204257578,-0.9665950584932358
PTDTRACE__6,0.5210991710766831,-0.3416599655337484,-0.13869807401563827,-0.20706559788990275,0.08911922732781434,-0.14459001564782875,-0.33988595934448906,0.11998386461781638,0.053388504730906575,-0.35078449843986104,-0.5496551804527511,0.5082845192592808,0.5394016012533016,-0.9089425161595441,0.39271581911533077,0.1256847609268477,0.028360676110222208,0.2582090065047146,-0.16744805491858208,-0.014233095435089589,-0.2020125962865401,-0.6367951806636296,-0.1601600169512578,0.17482567707235014,0.4271410442286153,0.4319185587683915,-0.933417672995955,0.35768715987197797,1.2204320024244633,3.457704899921963,1.4691331209438099,0.9469128146197294,-0.7159446388144903,-2.5532858321338248,1.0254212982098228,0.07238350187889173,0.8645813004780865,-1.524158066452722,-1.6740405920403756,1.6193079569060447,-2.2870715910395387,-0.5481832828762332,0.39929487669714114,-1.7851612600766378,-1.2605195135121388,0.05462545436362976,-1.1706650539570724,1.9546934823777804,0.016390216236482003,-0.6591501377401047
PTDTRACE__7,0.28866629574812874,-0.10533832772096216,0.5551690453550633,0.5407314483328819,-0.24795965342389673,-0.5158287659453789,0.630666491987239,0.1666118043943403,-0.10687904275364339,0.07706473044085461,0.2548611078531758,-0.21925379006272488,0.20484283945995843,0.07296850875624772,0.380719675778469,-0.18219013404802525,-0.1937745595813505,-0.3346885010708498,-0.022188104555154423,-0.6694836338303997,0.5221682676834252,0.9113654287665816,-0.5527624199091622,0.47044493312114816,0.31228297333059657,-0.006662169411625546,0.26600011753800085,1.1500808191590661,-0.21110183264371163,-0.3734636054686077,0.11319255077452116,2.476437258366389,-0.36738356106856007,-3.150625223744594,-2.6576375939866734,1.940139807115439,-2.8141280718388653,1.595174148246326,1.7194103940786576,1.919188813630057,-0.281573053190563,0.6721439875292592,0.18292122162879063,0.5323459831552455,1.565711435903481,0.27368480720258453,-0.7090755473497722,-0.3994885864863781,-0.47244561553010606,1.7354663666389707
PTDTRACE__8,-0.1521216801614164,-0.6053140320029269,0.29726860101951186,0.13180034687015021,0.8604087280597275,-0.12397379043395744,0.20995170121244316,0.022102972859937956,-0.20263457583286326,-0.29295488845535944,-0.43269062011517634,-0.15731267870906257,1.198556389540817,1.0337891213656507,0.573756431542114,-1.0053290829469617,-1.1724989018050578,0.5041645238035231,-0.5226299034017724,1.8178470443860273,-0.0887092118983407,0.37269890694331875,-0.8865785895675096,-0.8651228928799464,0.9064192592511328,0.1776971428564043,-0.6235444060252481,2.2356503865129533,0.6530393545537304,2.7336527405053084,1.3647251444873945,0.8265029314941144,-0.46572109251112964,2.8977852118669083,0.9550623263389802,0.7806476403210167,0.033163611471372575,-1.8002301846393376,1.886258499354308,-1.045591284677642,0.8070275110638524,-2.555200292734697,2.7083904001461745,-1.0820564972894164,-0.29548928903573274,-2.990831961306366,1.1230290469421635,-0.8092616382301461,2.853482074459624,-2.5843401520247475
PTDTRACE__9,0.5020335566880503,-0.35898213185966704,0.9626620492683916,0.25989505258499235,0.6840372173348445,-0.4203247010969948,0.35141366678579544,-0.04214885547742403,-0.013952754019459623,-1.0147547786195537,-0.9128319063205806,0.26523384700962127,0.8507792487397448,0.13258771415856477,1.271718943911756,-3.3752054596701693,-2.4198799654784557,0.7650940898815175,-1.7602898057217036,5.845912822231533,-0.8739120014912407,-0.07443961149183106,1.2322344375495968,-0.5259004417175668,4.047131941546194,-0.05554430256171864,0.21514677129344015,0.47643919277049923,-0.09561913906529007,1.6932572355161823,0.05444185505539685,0.30914470441904685,0.3862381801150573,1.8713315168958733,1.3514235981637672,1.0536992780311132,-5.346261152592297,-4.50631564158889,-3.0005659819427697,-0.5673755214923271,-1.8564083930630697,2.677063730534194,-10.47912671235239,-2.0236346153283455,-0.6540243672376067,-4.4318216729446185,2.0309234384317794,-6.952142965214933,-4.69771488543645,2.0216291329242333
PTDTRACE__10,0.5942354079472315,-0.07727375319221794,0.0021338538017545627,0.07739338196647937,-0.63644207926921,0.20042160292332797,0.024711908135008738,0.4737238567547635,-1.0289220049758765,-0.2672384941625253,0.17311121373877564,0.07212466083989885,0.3356405548923462,-0.3473973223050967,-0.002886725863979163,-0.4941576591072143,0.18645517071456347,1.0538306941580808,0.06586968224568288,-1.1522007571508006,-1.1591189097947283,1.5096085583646013,1.8192537144246643,0.46519622052025456,0.39120356173965415,0.004891885892585077,-2.1987754308953407,-1.2714354308051041,-3.612209011704976,0.20502252968157683,-1.9186900378442202,3.2691601571838262,-2.899350578999807,-1.7032347152775917,6.571103539747053,0.13120524633982014,0.5874839650854946,-3.016327534598065,7.318439287041214,-5.95421845587802,-2.0926138001666326,-1.2033639841338304,2.6835939384406253,-4.4093424935097945,1.1461511856698015,4.0098662618656755,-1.777070799988242,-3.3697727430305036,-2.170310234141215,1.4559400739904202
PTDTRACE__11,0.9651691037778817,-0.5107733183642222,0.308719435204844,-0.3030889891405739,0.2367204281938974,-0.2370935899115911,0.7312003001010925,-0.058640672248838024,-0.9150004124472695,-0.1425233218025939,-0.2739153300444166,-0.4627786120584676,1.1036486805170747,0.02926704009101474,-0.3869024585413552,-1.949995382401536,-1.0055997833547865,0.6698573122913629,0.7748919465088595,-0.46061821035972633,-0.2200918845398029,-2.294721579733944,0.03514229959245267,1.4046401789558627,-1.7269443194289904,1.4975720696104826,-2.1632817782536735,2.8414216813735047,-3.738287405508279,0.7410083531759625,6.51049116429521,-1.896734946976994,-4.275382551156787,2.748829289581767,2.447306634018253,1.885292308719408,-3.408664507347042,-0.9258289522001331,-8.325995457274848,-2.1934616319117626,7.24248227204341,-7.709103458691708,-4.1677574012092,9.060374676483985,-5.2079147503391585,-0.5978739575637753,-7.462582806174691,-1.2992296013548041,6.972325664495454,6.669914219331985
PTDTRACE__12,2.245027247914353,0.020565591985251482,-1.6682519938813116,-1.4334084800505944,-0.5618809467034109,0.9003991383827366,0.27835800067273275,2.03424142678925,0.3308416299014132,-1.1605723736989422,0.1915767402126929,-0.4010962639443567,-1.436286155092534,0.24791955636132768,4.983130013718445,1.6344670491222568,1.0996815990890094,0.7886585789604265,-1.1516704060405498,-1.6146969711520747,-0.8852375629953622,3.2529176496410352,-3.420647148875472,-1.006805323998314,-4.196127946609516,10.775146733114154,6.812898247974054,6.265778801160309,16.497401797166514,6.100314393643494,1.584019036914783,-0.39634783571175397,13.605403993546284,18.706777898190712,0.024661439977616464,-3.3310089510473597,-25.640585674246793,-17.677765987633723,5.859688412154248,-14.908614138378956,10.504735385571603,25.457167837316703,-0.4958796100443841,7.712738559762668,23.355715887181386,-14.519518874514503,26.170742233593277,65.74889864498265,-10.990835089947177,45.17554028856632
PTDTRACE__13,0.21402344105137613,-1.3425765842918722,0.7361432189390629,0.4050718580318721,1.1355847633079108,0.2129490197215005,0.36418945759605836,-0.16851449130461907,-0.6894287291537716,0.5862541244549424,-0.8317511390115228,-0.4753431966945171,0.7478814531516091,3.3510839422216945,0.4445931539363445,-0.8876286723931373,-0.2943206596140965,-0.8796752623582641,0.543134223254536,0.017429366726391428,2.9833182765033004,-0.24595118074819822,3.353035270828998,0.5207135826550437,-3.7205995774917184,2.112182726554355,3.6849127319996424,8.68528831766086,3.584711250743587,10.5148980206608,11.320219973351282,-0.8257064832141041,-4.671177494135525,17.649622096966862,9.918554283347458,21.819230073231825,12.626549628958346,15.025168248806743,-7.174351442189991,2.682909428103419,15.157657729886987,7.860401807488921,11.166397374163491,0.5688062051101854,-9.850368913166351,-13.292113422740389,2.3515162050534,-0.6495928961552607,-15.999827826274311,25.557498072495378
PTDTRACE__14,1.3028828716154068,1.377738210637412,4.739323524604369,0.7027298252606979,1.3745078131481399,2.162098106371982,0.7103631596940152,0.4824950424565143,0.07679663315215886,-0.9765557267488729,-1.8473960957258906,-0.2653853874752841,3.398301657621066,-2.2944449038189556,4.067587066616732,-3.307792162119269,-1.0300338079841371,-3.388753944249353,1.300073223264297,0.13120342921365827,1.1169738768244128,-3.501997055026947,-0.022873948571453945,-1.768851672095395,-3.5063586623901553,0.4713979674529193,10.100584273576565,3.4186674636438004,6.036980964307604,5.393891837942477,5.128597575559571,-4.177085050063968,9.352537531453116,10.843131449723733,12.07780171775436,-2.7560967605005624,1.627827963292212,-8.442965759156362,5.987421513554607,14.869334817964983,22.01420138985351,23.785816303496294,-5.011000917675823,-0.5240070347639587,7.763452740483315,-8.32481436012907,-4.152662595388046,-28.041701178374886,12.338676253930974,10.640947095908336
PTDTRACE__15,-0.04611454683502625,-1.2033612419352298,1.0708406393875454,-0.44344136029145187,2.7227020517306886,0.4569083479927288,4.299996129463829,1.0076044560133128,-0.03144604229329914,0.6182730423723688,0.7173715008719755,2.4288424594957525,0.6374497485748931,1.9015711414143266,1.833597643401107,-5.287946636580931,-9.417612688244791,-1.5255994366579946,-5.601913003612895,12.325134940295026,-3.820030497828867,3.03942034191539,2.6923954544336586,-4.162199900018213,13.706895626434086,2.679360074801667,-0.27516447657906445,-3.649480578063308,3.036795318679456,-8.64454042162514,-0.18585413950425944,-3.027187961483406,-8.924774414794566,-0.44121854874567584,4.831488620265363,4.579390057173141,3.641182723147812,-2.3067190013247836,-2.490759992757389,3.4079212903933107,0.8577714374818537,2.675107629802625,3.1500105737738067,-2.531757145508881,2.6125914455838894,1.3914753442585295,-0.4714341930351668,6.1865497961128995,4.0184934338877225,3.132300392729618
PTDTRACE__16,0.3733372468690663,-0.2957674144568466,-0.10570727373578108,-0.5049777121864364,0.5522279632010166,-0.2950920472770689,-0.29721078137285306,0.8064602985473301,0.15380339764904039,-0.0347342686669884,-0.28298340238513625,-0.08914437955263917,0.9370882025348113,-0.558674212463639,0.8023145725412003,-0.0871806623648333,0.6469334563217871,0.4199227254156721,-0.1471407764469629,-0.5768059282923257,0.27263564292610987,0.36014957069251124,0.6441181733952652,-0.7264170527993392,1.6756196733870536,3.585879851290349,-1.7170449147958327,-3.5352297710242846,-1.2624204891370376,0.3909051695452763,-2.2848177957112066,-1.3634565982553675,2.286846711763886,1.1900629635651079,1.0590505355057014,0.46015520333479043,-6.445139906576967,1.5905328395684397,-5.2989655111317475,1.8356666427291293,11.714901961710183,-0.961313943830313,-0.5730341502790199,-3.629342317640947,-1.5990095289930322,5.612582524018157,-9.70519848385637,-1.117127631148613,-2.2050691309344086,-2.2517849381446937
PTDTRACE__17,0.8416595515736944,-0.12438089009614413,2.354749548182095,-0.2579883568337577,-0.9334118178850203,0.829334766806681,-0.32779653001930387,0.4401055156613368,0.5953656447900595,0.05167815037246387,-2.196233208478054,1.000168519395934,0.669772344551935,-1.2246724614994724,-0.9164679296942653,-1.3241209364780684,1.9081614620728207,0.6116394610981076,-0.2767211686844709,0.2935426058625218,-2.1453378913499663,0.36353631441960754,-1.0682999839138612,0.30520154766427204,-1.8222208018064447,4.53197387653173,3.035140898965381,1.4139220260664853,1.8364032949116273,1.4226969022994709,-9.097346983082339,-3.095361544077536,3.0449212411210773,3.4113479888759293,-1.820975031897004,10.816342876229738,-4.5782471054680665,8.880078571344828,13.591280104525675,6.690590136627204,10.694696348565932,-12.587634041196205,-9.383963230432066,23.407757234121455,-2.385201446375851,-3.0061159281230037,-3.3818000477201138,8.075805150672206,0.6837281651076621,-2.907567882618996
PTDTRACE__18,0.685554485644271,-0.025855474670797518,-0.5711190398168581,-0.2803246212963707,-0.39794528846534405,-1.0966209127998314,0.9460040254339233,0.6925430303844768,-0.7158589892692794,-1.7700973655117762,0.5736701710452459,-0.6760013030530485,1.9850320574132123,-1.7143917697879805,0.7817903492789082,-0.24185178596860893,0.13016903867989263,-0.2812853380649437,0.045260454379065854,0.6410564190696524,2.513856433092843,-2.0874093742132662,0.13191792371779262,-2.1995439551246907,1.042916722003989,-3.440066788935934,-1.257282980149297,-3.999669809387946,14.32144959028886,5.1530571283923985,-2.1327418818663735,0.8365483740594255,-1.292062622022367,0.14009147452627588,-1.8077455879946815,-6.2953407515670605,18.290307661232063,2.2075627218523497,20.262110201436727,3.4331773767433758,15.120837558396248,6.715632092560826,-7.509215767922088,22.349301162885567,13.993610743981158,5.97086192732345,-3.7164450448202566,-3.4843005258609367,-1.5351121345794754,25.908555144044747
PTDTRACE__19,-1.096754655574507,-0.6050609994022869,0.9657063427050617,0.4223297301066188,-0.7215938325313246,-1.2684599909681356,0.9658360976595252,-0.1328217211626913,-0.6593531423388765,-0.9884251447338853,0.5122594378897347,-0.7091242966374867,1.6918022971484383,-0.2724580480678356,0.033047693764191304,-2.7848804735850337,-0.5008022353471273,2.7386779619559376,0.03544181227676221,-1.2953299641132383,-1.1347837838755672,-0.9460759342097871,1.4537815566259131,1.74168082710617,-1.681641351372857,-3.1710684887104277,2.264598813365744,-4.273485530069157,6.554655092550762,-1.6929686215126156,9.010064236548837,14.080014573160684,-9.675767778192379,14.961658046696092,-11.719711349686362,9.587456193509013,-16.395658842644735,-2.6517770437452874,6.20358350791447,0.8202966109192343,-5.267464560993573,5.983319088025227,-17.26448746514933,-0.46870427041296586,-1.6387045011534456,-0.6268885752340292,5.253018494476596,13.668608224080248,-8.875012920992846,-4.169855806388264
PTDTRACE__21,-0.38748184955970966,-1.1714917612966727,0.7668875199746243,-0.22353383662780346,1.2572156478369962,0.006407559472044216,1.2609267429579987,-0.28887167019055465,0.09054325140670241,-1.0636434321826889,-1.2054408815860513,-0.09990505474407933,1.2498423763675233,-0.15229399793265386,0.19537940849930815,-4.012445406739242,-7.096466555206693,1.9246522393727326,-4.021720424403307,10.728407597241155,-1.4931596347422122,3.802325946484058,2.2304966295524746,-1.797367010765657,9.60916773131466,2.926490940053957,-0.22255935431257295,-3.9933610238852637,3.199502993258611,-8.439630272908666,2.105193012236806,-3.7903072638063535,-3.508052066246994,-2.4025686931974364,0.7503472572928676,-2.8467342925633656,-5.683976246544366,5.31140244653856,6.726468535457334,4.611230978528702,-2.9279698335509114,-1.7975648134551936,21.005103663763105,4.50241999412102,-20.169120729086604,2.684807723071633,0.17643814935347657,-1.2649892989612759,-1.5557587674647237,-7.5040807466504384
PTDTRACE__23,0.06779771831083337,1.5375763558644022,2.5840694032336713,-0.6808167533886262,-1.1757799238695053,0.06649373166527428,-0.8677891256025696,0.4913448913899736,1.8759611496456428,-1.2662794646752495,1.4974592265900672,-0.05485961858922464,2.377350091470416,-1.063043194703181,-0.13405347270033044,0.40891122547729386,1.117115872691925,-1.5640491134018348,-0.42091698907003505,0.8250386599742376,-0.3143070620429803,-0.7848231959724291,0.6682591175232353,-2.3798591149527537,0.29776823797838486,4.3869125038414944,1.257389668883996,-0.6801979770963162,-0.5482404597087362,6.358634252720998,0.5997916874977031,-0.666384038116777,-11.006039576849798,-6.5321146730236705,-15.365695550768795,3.7612822966759283,16.514366431789938,-16.04227942173903,3.2176189697368462,12.542120557751424,5.298692880652069,-2.1394895240901763,4.579175939911029,9.386539413920126,-16.402047857960248,4.4816198538758965,-9.358676255700455,10.247266928997671,-10.418539886023925,-9.690970284508719
PTDTRACE__26,0.9196030972917874,-1.09308454218258,0.5110084968537908,-0.4936400769224541,0.29142337611234714,0.04380707504030278,1.6590534368579564,0.25605725538321894,-0.8398239568974015,0.01687784489747965,-0.5179669034584047,-0.8292759668683797,0.6947577127501317,0.41013438846851047,2.4353139781882245,-3.3781429416637865,-7.823356689583597,0.8330662984551391,-1.4507164689439023,9.29269395562088,-4.386565355416594,4.047780358306703,3.650913716471674,-4.504498306634187,16.229023181862427,-1.1591575280089423,-5.380624834927806,-2.558854558870499,-6.184004145278224,-7.348865376047549,-0.9812341825334251,9.603134383799015,-8.543623137137024,-3.2870211898827257,-2.6862313277701735,-1.840001525570415,1.1751226096410323,9.752919698625911,-3.7776189489771017,7.8159166814395284,-0.7830004096976899,1.9692374269865762,-1.6178076938904549,9.100253175407918,1.6129913210610483,-0.6087724932825359,6.502011671487557,-7.112371529154459,-2.2755574769050986,9.172020631120667
PUBUS1__-1,0.0024269669327814866,-0.0008850047690265073,-0.0004852644106534269,-0.001002447328412894,-0.00046851068920162177,0.00038664957757421857,0.001717520311680963,-0.001069684701170395,-0.0003107681134901138,0.0008104671548973681,0.00017697503883109525,-0.0011089825604534845,-0.0031485390253611694,-0.0065289652745216765,0.0036230746416717734,0.0009444802678589884,0.004090467434471504,0.0028367957506995277,-0.0014926869242318115,-0.002379829535152494,-0.002519668226775504,0.007340849253017342,0.01655202164189899,-0.03395173714554222,-0.009614530195766921,0.0028893044801907098,-0.001617153637659656,-0.0032134897045161064,0.004250858728069494,0.0002932726496452345,0.002002695221824683,-0.003302029885109323,-0.0034243113964297447,0.0004292961854276967,0.0012065403647740103,-0.0033321639981014023,-0.0007525700834530317,0.009538850802917293,-0.0018456023798085193,0.004628623784851273,-0.0028963499976908144,-0.0072385395017180235,6.349242015197762e-06,0.002018753547545221,0.0026878572719093424,-0.004583192584475417,-0.001808027781595392,-0.005213716096515866,0.0001781086943483301,-0.003355855519924285
PUBUS1__1,-0.607144177905715,0.2945503376256467,-0.23431304968227556,0.7897886258932066,0.4057707977689168,-0.11586286182838079,-0.2761551522240094,0.17856790402748618,-0.12996632562465849,0.06962669073259072,-0.13280904929730714,-0.07236243171127736,0.5391896029124011,1.5411660536839604,-0.39404010998259476,0.6081898388119872,-0.16943180869238308,0.40958691206021536,-0.028471740474638737,-0.3612162680286145,0.2607074018399095,-1.6329883064069948,0.9145754971975685,-0.6416541766080006,0.5196270154452338,-1.2685077267879068,-1.157064020640965,0.8715842329616752,-1.0335361081509327,1.7976777302860707,-2.9378658601852305,2.1834982833993446,1.3152533591186077,-0.772857369760119,-3.4059021181377016,2.9135680003354625,-0.2135359515946118,-6.962395053602373,2.8281906380323125,-3.565731204580613,2.5047677482968878,5.687755975687101,-0.1411567584834347,-2.5941596459334315,-1.7112262352374779,3.1404444671564975,0.863226630912023,2.980389479087702,0.6446100303213659,1.941238083178234
PUBUS1__2,-0.5895760031620749,0.18282532899477327,0.274295191118069,0.00650986949252891,-0.013072993155442077,-0.08551308862031586,-0.4847329349806731,0.29900361513911955,0.16682741716543162,-0.3166534174081778,-0.004061331921338969,0.4232111341980663,0.8741205116204922,1.6265858413305914,-1.1054225288979667,-0.6007655430909128,-1.369142970231781,-1.1812897552468584,0.5393321086522268,0.9987437289047131,0.7746268869143093,-1.872747562983429,-6.2438435020714955,12.264701095909837,3.164758802655043,-0.46193602685747526,1.079520466316323,0.750884154058341,-1.045788965812496,-0.8939726676738355,0.5850181631761354,0.20526255036825744,0.6302007074834259,0.1883268854587532,1.0718075400871883,-0.10512580839210979,0.35949910682080205,-0.30505914313633703,-0.5922348108624613,-0.06566574979812327,-0.07918110254840816,0.05369199100269094,0.05982809713178324,0.42821748412328264,-0.19616889955535172,0.23663727388330205,0.25853074736857923,0.5295461447338252,-0.34630528253053267,0.3307849438366116
HRNUMHOU_c__2,0.39720052545206647,0.49821480282585534,-0.09587228469668632,-0.4189464580925918,0.047379603067134096,-0.2983129007298853,0.2935854285701531,-0.08486347583345516,-0.10496727040887754,0.039211391516877775,0.11730200502735137,-0.1827221043081124,-0.3209174892642795,0.2926457454448634,-0.08659943781291991,0.19578201451375316,-0.04399217179365827,0.048223302111005784,-0.008735485817975118,-0.015421628195873366,-0.025285987093844196,-0.025930099576027772,0.01611888173554927,-0.02007282609585234,-0.0009690746398437105,0.01873965609455518,0.09657988729196569,0.19228636507878064,0.05849381161504737,-0.06390782234986048,0.06016143455321149,-0.052042590211618785,-0.004584532524150453,-0.00754121562542018,-0.038861616626652606,-0.015317737471225454,-0.0074234965572861624,-0.013702643892389857,0.002233565791028956,-0.012152627503459607,0.006975295848481284,0.019981375051397948,0.016104176374673897,0.00523078620257541,-0.01994976814306617,0.010706088217912559,-0.01276308105611515,0.016813020346344333,0.03546433591816343,0.01430359641454583
HRNUMHOU_c__3,-0.2583106827587285,-0.1558887729759031,-0.002322787887047381,0.14689168082572715,-0.053741241997302104,0.17014806385945025,-0.16593347484802362,0.041910703863914434,0.06001779750614562,-0.03610708377763722,-0.08121523617344285,0.10191161563862355,0.17055391923746238,-0.21905878564055722,0.05393438881383685,-0.5857696330043324,0.4305672918303763,-0.21765434789683874,0.12736549136420924,-0.020416902047513546,-0.011664693662239137,0.024935542792664175,-0.010700631846583434,0.002702317410985769,0.07257091225661601,-0.010321540350812215,-0.11150904118623746,0.01558960962760404,0.022214556173655045,-0.0023679003178574145,-0.03768351727719487,0.020649317834721917,-0.018506402736395713,0.0004856967585571345,0.01294932836376249,-0.013827341804356425,-6.622271957292536e-05,0.006265234720349401,0.0031881677788858087,0.006371290179635385,-0.0157330335006721,-0.007535729151709785,0.013831816317812506,-0.006791774212002136,0.016316054306984074,-0.011965441682157357,0.046504073187098094,-0.0018947066980970215,-0.026554302700952468,2.1182891949706072e-05
HRNUMHOU_c__4,-0.27150408336217957,-0.5625076339170945,0.17012914578662394,0.4848762310863555,-0.06259140003514978,0.218565513625245,-0.2129686899816049,0.10492443197724331,0.058468763450607746,0.041444343582995584,-0.04670249657501429,0.16828033761164163,0.22198340012144913,-0.13957820311723873,0.02124004057028733,0.9920346181950825,-0.8414098666779889,0.5249195809432027,-0.32985800653577235,-0.1169362870734942,0.13912963691980731,-0.02909141595019073,-0.680143971388099,-0.3433949636505566,0.07832855756702482,-0.0017196919263662987,0.06194086759907365,-0.4121075211849176,-0.13914194252601705,0.12700171424445023,-0.06488024160105843,0.14745020072530285,0.09831868866374124,0.01031601384489856,0.052071746094256625,0.04519344967079503,0.03270043263115951,0.02079867173166054,-0.009934519826105367,-0.021874496761918,-0.016591459394400137,-0.03252218951765019,-0.11345396803010956,-0.0011446959576489157,0.0007053474801509234,0.010054383916580232,-0.07896485297812955,-0.04244046905459192,0.010816185211017262,-0.002599177127656939
HRNUMHOU_c__5,0.12034889868857286,-0.8876381700197465,0.26138242746186685,0.4784262861355666,0.3849415549785977,0.14822704629138744,-0.1730404647772758,-0.03993833409210765,0.07197015017693739,-0.11401435758159133,-0.07224045445106521,-0.01134145310341659,0.34761053053220503,0.09992456304641248,0.11794682320268371,0.7940289803785014,-0.9877830963010216,-0.1580253656771451,-0.02005199803733318,0.7607754933667512,-0.0970259879978607,0.0667390506854001,2.536133511260068,1.5730071325760773,-1.167711859804871,-0.10138396742878664,0.0814897062098912,-0.683582267051539,-0.6073101785515036,-0.12832576273900512,0.28085030040295356,-1.0749651495241432,-0.9758502503542057,0.22061049898760743,0.19110574565726238,0.4101018994221943,-0.27215641242785765,-0.147077949451657,0.30923583255394255,0.32539779520914486,0.40157108295228483,0.1953471600046863,0.6668598453402774,-0.007643305461137229,0.20043887609682828,-0.026197323194712116,0.007174059391993113,-0.004406440046081895,-0.42788567179847065,-0.2655078965197552
HRNUMHOU_c__6,0.10592327937313328,-0.9094345994718728,0.3993805433712084,0.6474446277601736,0.5225904623285925,0.06419159770977843,-0.08953785786350227,-0.1770103242927126,0.31974324634445717,-0.30752457190681204,0.03781920220163643,-0.14606859953874443,0.33114220555874185,0.4334038566632613,0.34280806039166833,0.21989653444165613,-1.2784215658816538,-0.1763090739129293,0.032686734892181046,1.4264755613514593,-0.5713397091638558,0.2109697945092415,4.092620463725085,1.8817473686739485,-1.227393382925471,0.08229371861585588,-0.02979473823354083,0.6575240386611519,1.0274230052208562,1.2029303006052101,-0.5910029929901738,2.5259109306306042,3.033462162407412,-0.7180262689714135,-0.6163049296339785,-0.9621874613384078,0.7515789828141052,0.464812423479539,-1.2866264888063637,-0.5634307280857657,-0.6558043147122161,-0.6502825342425728,-1.831858274646386,0.181647620009058,-0.7288269950552774,0.04424702971545736,-0.4243766452953706,0.16332071953226418,1.1815170700809543,0.3636831748595581
PRERNHLY_c__1.0,0.7352688543703622,0.15480686095266186,-0.38893485038349285,0.3554293068859099,-0.25527086673431343,0.10772447124405073,-0.43064586840114827,0.12969183898804681,0.024687051690049068,0.14454662943309918,-0.0729380749058664,0.19069948341782803,0.880583606496032,0.4621038858286442,-0.39043966112781336,0.050806377961969254,-0.0831319094329448,-0.23514122307389648,0.003955086097929443,0.15400606156472965,0.19941226405510823,-0.0980108726524714,-0.13858061732129884,-0.0650954040513163,-0.1022068925597904,-0.09458806726827641,-0.40608352426502425,-0.06534148591405407,0.5378926886550958,0.09563443044231525,0.04001268979187951,-0.28446445760294975,-0.19959489751136122,-0.19027358295406302,0.015719693269744518,-0.22635792354505735,-0.7665294538079356,-0.41585483513376575,-0.3978207108086664,0.060150152906985034,-0.08811723908355026,0.34728911937901163,0.2851877852799191,0.2793048376619425,-0.2932479303110537,0.7231863967950408,0.27121598263981983,-0.6662479839028873,-0.1466918718197066,-0.04806556683677528
PRERNHLY_c__2.0,0.30938063522639503,-0.09969823500734175,-0.05068991157008634,0.11796033522158489,0.004681334787098841,0.046759584584000424,-0.05100115575363967,0.00674590548978627,0.00906896759552339,-0.00314022506362398,-0.008321360338479432,0.039290688427280195,0.013032639470744099,-0.12038080287007713,-0.1318658202646827,-4.6204965209464485e-05,-0.057783296643910964,-0.004494340779027528,0.019085210294767938,0.03207833011998111,0.019481911558584527,-0.16414005737725237,0.06689110306153727,0.01481638497120077,0.061224449590316664,-0.12065480482032286,-0.0009177785785852797,0.012966704550113122,-0.05374344210263249,-0.0011427389883894381,0.022089335515435266,0.18275270892699025,0.0707853074177044,0.009379099240024568,0.0071728328187699785,0.05724527644798654,0.05693621874644371,0.08347986233310765,0.11387409820885633,-0.03122447597417044,-0.006087346753704845,-0.020369960227222907,-0.032050564442376944,-0.051740580070419005,0.13692601651762282,-0.004709474060806215,-0.04690085740183212,0.01858312622163185,0.0555528233980809,0.02382640945693746
PRERNHLY_c__3.0,-0.24968443076975178,0.05318454938932185,0.03623129361042273,-0.06898419639145331,0.08693853823599891,-0.035319522435588044,0.08472980220586428,-0.03964867754958759,-0.030451229924342713,-0.018946396289138835,0.009547247169050654,-0.07364118842388397,-0.22647440651190104,0.03646988793215572,0.1618703443412883,-0.09260543465384376,0.08637863439733953,0.1531081444212527,-0.07217554231099675,-0.10596666951666334,-0.007183687939641173,0.2119123356932719,0.013176055449376618,-0.025356228714137157,-0.011962500035939306,0.15781370881209153,0.03628225987743555,0.11555340744836881,-0.11409307008307308,-0.10329839394630706,0.003092456828716802,-0.29728619121162514,-0.16399866947694264,-0.1310194937032555,-0.04346894446967355,-0.2758088266935654,-0.008271117611078651,-0.18687341997667026,-0.08256063309435856,0.01513116916185549,0.1765765302857783,-0.03396034682172901,-0.023555459810923267,0.06577538032530546,-0.2559066858618977,-0.2078338617137923,0.1705957319913943,0.12845911368012472,-0.24199500487568645,-0.08488210359986909
PRERNHLY_c__4.0,-0.7680785721233794,0.21290805972956833,0.14240927452898341,-0.24631727563026462,-0.046391027534910693,-0.15637584988714323,0.1636246120879925,0.010608290915222366,-0.041621779006563366,-0.013185031934024084,0.02268558397686502,-0.02049648641081732,-0.03023829252173604,0.12442056651572504,0.34876626955638934,0.15180334683447172,0.13322814432551242,-0.04997023729962538,-0.07751454223157118,-0.07550033953324295,-0.03384288188362292,0.36113138180383475,-0.16273828517441344,0.1080924656083978,-0.002869802107119901,0.21571509940732153,0.2134201433579432,-0.3565422377406261,-0.023962527620900478,0.21349357753264536,0.028224250014928298,-0.07226756300958878,-0.0007391199787645369,0.5284147669001928,-0.239461385054624,-0.07084116483750981,-0.3862008984431479,0.2574928232451353,-0.5328295062727548,0.2939739819611061,-0.24343691938073134,0.26059919455500713,0.14237566940735288,-0.28378919304767414,-0.21285838096337734,-0.09861352000541335,0.035526194042402114,0.015606795611575262,0.6686879950941826,0.15957989477616827
PRERNHLY_c__5.0,-1.0413227566021588,0.2122138621770732,0.3510963199045487,-0.6053626153456042,-0.125541853991121,-0.11259617248368753,0.1749310159544812,-0.008568727965891037,0.07765078327725297,0.012826918117817018,0.05138770875313711,-0.14162772699916318,0.17259079285081141,0.3398091804158197,0.263422403980835,0.1157206950316742,0.02270095753235751,-0.30809355095841,0.21355238077895303,0.13085501613513947,-0.22091892400795352,0.11607607972254654,-0.27467193299030146,-0.11620441212532238,-0.3655613469152404,0.1567096634842004,-0.12128968979650569,-0.03172054016973661,0.5099671682035745,0.0545876235101786,-0.24953670942097914,-0.05227447262548688,0.1878059526658608,-0.13139111475440676,0.399715928661176,0.8180294057455292,0.5999171474990459,-0.008775363753354956,0.3600987359485007,-0.22604441536624434,-0.23660814152785523,-0.2839093716535599,-0.0367112139243227,0.3351190613855388,0.3416484135396689,0.4388590327635622,-0.49461897717764997,-0.18673098632353152,-0.29299045794811435,-0.04368857893755768
PRNMCHLD_C__1,0.34477072764952454,0.18174374885291159,-0.05918370666213951,-0.20487062734595649,0.1191517612822476,-0.2003076443820769,0.0936430744477178,-0.044969624826630264,-0.05419088954511802,0.007548076504868485,0.03998074600985546,-0.07870430964983337,-0.10849772777393774,0.25546227725798487,0.0344815046993348,0.047771032115962724,0.03657199727524475,0.029336224985035183,-0.008466453218456266,0.048255321359746015,-0.05477820439938247,-0.15821048349721237,0.004886208593980138,-0.020388665685831794,0.00176348877119944,-0.04980922928525077,0.055811815500115464,-0.05573901270526762,0.03223909354424935,-0.014203196767501324,0.049304901877365734,0.008188449737620073,0.019770471900438794,-0.016932767988078738,-0.008902476630064955,-0.01340297024386999,-0.007415955290421921,0.023497865730269723,0.021371495386296173,0.03706019774244202,0.014980104404444826,-0.009767052402237922,-0.022606779822749803,-0.02562285105689584,0.020352086172083183,0.0017533949132257512,-0.007464350900558057,-0.007934650699960417,-0.01427840721840855,-0.006147473375391033
PRNMCHLD_C__2,-0.44065573981034845,-0.23012164648788225,0.025780686584397524,0.19507182254660224,-0.21934558762840928,0.3396745248725116,-0.15127634928856132,0.0472756663788894,0.06959377985017073,-0.027078532958553676,-0.09113206437219859,0.13893594280874166,0.15416793554012778,-0.44173569003006213,-0.09400065710670898,-0.6162703699400339,0.36163814276810036,-0.385690886558715,0.22872192970749128,-0.08105961988384194,0.03692570432082144,0.29730012578213716,0.08003533516829299,0.04885684933996742,0.0891431835138499,-0.06017980276162835,0.022220040996193985,-0.2186518455973171,-0.3340945103735838,0.13970944675301886,0.06641414158808925,0.2103687758368821,-0.31294415678232274,-0.04129131985871611,-0.20407350090167597,-0.08604331223762977,-0.025529447518697186,-0.27565610205999663,0.024867832283300847,-0.24961342870656936,-0.08870378630742486,-0.07832733967394187,0.17339295980801192,0.2223232975544944,0.04272734422482673,-0.003395305865675132,0.053508422209424825,-0.10778825931193733,0.3710751223110279,0.18727501867627808
PRNMCHLD_C__3,-0.8024917301575858,-0.3124974174978086,0.1431157080485738,0.3282607908399811,-0.20045543568818786,0.3573680557402137,-0.19365054884190502,0.10578551885508002,0.10968638503826822,-0.031015913511465855,-0.08693842553609991,0.12197100813002078,0.21740610196937102,-0.4616824607752119,-0.045636255512623465,-0.423827553723741,0.29664971976655335,-0.10949195839924962,0.03827619318895381,-0.0753107047712509,0.056772188838743284,0.22968079969273675,-0.06393610950929753,-0.004222916485092702,0.07918515043936386,0.2046049742215324,-0.36827948270095573,0.7064832839915429,0.4271404306984007,-0.24031142659254592,-0.3130778877314201,-0.29124028396952073,0.2837297047957782,0.1744396938192387,0.24043042937250922,0.1531262037556586,0.09928781800061097,0.22796400784065896,-0.12344126736470923,0.12839990771730572,0.04182765003311859,0.1514149055885963,-0.09673240622985417,-0.1898009354605367,-0.12957208821811483,0.013217324601379137,0.004971291540769407,0.21010483616919723,-0.3785113387318566,-0.20887475004456793
PRNMCHLD_C__4,-0.656515297280408,-0.546445004493669,0.2254823242375226,0.7949260508725569,-0.23566259651688198,0.3891391581956591,-0.140146872093968,0.11591553663245092,0.12323578646436407,0.08112806991955995,-0.01178391350544388,0.19896068574177445,0.23189191748209007,-0.46234008672250015,-0.03547338706081499,1.8641640455804547,-1.7116857137376946,0.9344226306000825,-0.5974499006306828,-0.22032270297751605,0.3586092016118996,0.2949218665213635,-0.7377479749882665,-0.2762805725745793,-0.11823911524365067,0.19794135191590437,0.16583423430371982,-0.31970168544567507,-0.3663730305597951,0.20743744145627432,-0.04073545457647783,0.03781304930017269,-0.019699461430350028,-0.057839463957566443,0.08246563129936202,0.05134652441950525,-0.05909879816708345,-0.01132884846821347,-0.001538467664770019,-0.02439881010145538,-0.03712230701075311,0.0017142219793077314,-0.0029881947590021814,0.12003951211540012,-0.006714155539777228,-0.05920846541556953,-0.04118376159967987,-0.10451719095784787,-0.00470729548985482,0.05886972743592061
PRNMCHLD_C__5,-0.3404824797332106,-0.6507433575807438,0.09869985833701682,1.2152971167962805,0.1712989840800742,0.26113467057713274,-0.20700090627075496,-0.04984974890304415,0.23834882223270085,-0.33909966464496905,0.31027541833671585,-0.20691801185419884,0.21845102453667742,-0.33392293884262697,0.3223279349572474,1.381174971909428,-2.634586779466336,-0.3188514496228529,0.3135762622149473,1.3847282635331788,-0.2883408714771097,0.8747529181218734,8.731245287789518,5.166034987180824,-4.092965051046504,0.4525231476267243,-0.30569607412118033,-0.34419803305075125,0.1443525814427784,1.076186393073617,0.33865614148003576,-0.7522121733215116,0.4366215869754256,-0.3900839585254907,0.4096650770208651,-0.20439434711949903,-0.09403406199458607,0.07792447711726937,-0.29836842169870453,0.31065325363498425,0.36705435161054006,-0.24535475996639658,-0.1585295891372256,-0.5117785789722641,-0.5433795419807735,0.3248253993928739,-0.4270007235646396,0.34230284422957,-0.19186748090255615,-0.5920383449518591
PRTAGE_C__1,1.0419653992554498,-0.20967855794481513,-1.2032907157388362,1.7522986966014655,1.8763938973316352,-1.2407167199849758,-2.584089109089009,1.3020508607140293,0.8494954782944257,0.046139766788686504,-0.7382381160032465,0.6150525813394542,5.247963997169549,5.255390463806409,-0.33259180537528044,0.6294590153543654,0.5526745705654422,-0.6304415420832532,0.48568218305664473,-0.6930618923141136,-0.271669121694277,0.9784937179352917,0.10659767169823417,-0.528859769877639,0.20993989367210406,0.39015320895036687,0.08333557685640239,0.40352037015103215,0.022232515206671553,-0.2871325502707689,0.10843968311131749,-0.0521352033855458,-0.08088756121924089,0.02897880570235359,-0.18639048259582974,0.012327798269119096,0.12204876644215033,0.09739239563241438,-0.08097722488393046,-0.2540210369780599,0.08554526292347839,-0.041372164490875975,-0.030359877574230816,-0.029985372674981713,-0.03671467539530039,-0.25686863631653795,0.16224700476571446,0.04535176005803054,0.047225985805854326,0.09367577142656461
PRTAGE_C__2,0.6712297408065572,-0.22883536168604846,-0.23609997174451786,0.08391904128867975,0.12968419833803846,-0.28132731551016915,0.028328204589930125,0.028354756700990268,-0.15282789699518512,-0.06813404645899021,-0.012043359643896575,-0.04708727562788166,0.31334319779290837,-0.48150121260209044,0.5297104160337972,-0.24731977934817764,0.12539349827050372,0.21499636783343187,-0.14633634363890208,0.26769403384116636,-0.07776504594612961,-0.7484330366608943,-0.06238870879716718,0.0365518162018138,-0.028740102448072957,-0.22975419473357486,0.001096378840396388,-0.30594960838421886,-0.016106094139317434,0.11035775488077317,0.007801455526887233,0.0334340835472962,0.00938581913721688,0.011158987153662347,-0.11052832386007257,0.038274901355874136,-0.003382609775666915,0.0550061523770436,0.07010841627668707,0.032288311305409774,-0.010988160019225287,-0.056691927457464875,-0.03298822121498532,0.009996472100327803,0.03661113679742693,0.06718198542577661,-0.04139103879331499,-0.06093919646000207,0.0589210344365558,0.02407731361473019
PRTAGE_C__3,-0.2833626231626916,-0.21197625723494345,0.041250051214568775,0.1999084106777331,-0.12745824614042855,0.14117791308275862,-0.00042430761225401275,0.07265472450673476,0.027838271395015612,-0.0025571458281634287,-0.06485146041814825,0.012968576953748553,0.2221034492341149,-0.4416059856247835,0.11993438706195302,0.20975033142243055,-0.20250618133624337,0.22520862409545464,-0.1423719215421724,-0.1252963359009704,0.08896954580829979,0.2746944166206928,-0.023120201127186102,0.036428096631836555,-0.11880184466794566,0.15049718336012452,-0.1477411859491764,0.6078250420668777,0.11869313822184334,-0.059167208502094934,-0.15383624412462138,-0.26064792614076826,-0.05611981700794249,-0.1975929104700907,0.07426558445882052,-0.11577621019081474,-0.006737491158711297,0.0481742592282524,-0.02978244503755706,-0.015287526523627462,-0.0726117958771371,-0.048667730496144465,0.05642395030403212,-0.03168985848331732,-0.13540517171094957,-0.18582780617898542,0.1457960538929549,0.15883924724965792,-0.1880144889107772,-0.029739442338891822
PRTAGE_C__4,-0.422932264669073,-0.15896865012895708,0.12748984937120625,0.1024981909818503,-0.17018504567620038,0.26927204937996024,-0.053559871449539685,0.009755201192709584,0.08814363205254291,-0.0007749909511074434,-0.004968938849552095,0.03920400101057354,0.014343628209198041,-0.17974440326715468,-0.16554794548321813,-0.02281813066345387,0.0738142151437843,-0.23455969061201531,0.12354614181889606,-0.07534474538502635,0.012813238731993566,0.4974547806912466,-0.019761589316099563,-0.0110428639343761,0.06469354062187402,0.0901952866421953,0.0031568616876617816,-0.04952031459426055,-0.0841778312453108,-0.06258115804892656,-0.13718574802390823,0.019797570269425423,0.23642768956811447,0.4914804899126937,0.06332461012559855,0.22582561917764676,0.06690816432504136,-0.10800416250690471,-0.04764891739876551,-0.06455266732179675,-0.021566686904393687,0.2314968410694258,0.042550669217186116,0.12101548158019611,-0.005230698781795176,0.17389835344320562,-0.16263684490226343,0.04682630696505414,0.12558347677810885,0.024005885991994092
PRTAGE_C__5,-0.13365164816466,0.23225162130475122,0.08088231764485229,-0.2732396949003605,0.0038443470167630377,0.021593843229793363,0.07604552957547253,-0.11392175230737742,-0.01520310387594176,-0.003978548491651482,0.04709919835888969,0.0065876093074445355,-0.44237058151262715,0.4081215092191156,-0.2547759458470984,-0.047123618847757266,0.15113481780543195,-0.234251710610646,0.17400285050192996,-0.032611938886341285,-0.13554453503050273,0.18388396073267804,0.05834117254709085,-0.06008238448062086,0.1371416466166194,-0.02495919465932078,0.46417483195884035,-0.2623378499956949,-0.20804441933092865,0.0590994807190869,0.5492181676012393,0.1761210325354496,-0.26912908668878205,-0.3914037509413838,-0.1417862706090474,-0.02460035995947628,-0.028451839120622515,-0.07090320239405612,-0.09945701219841738,0.02951922850486179,0.32445656663355893,-0.22225275287108145,-0.1694681578756668,-0.19478148324703648,0.22212439491332092,-0.005766651528645443,0.036715114434695065,-0.3193894983034591,0.12766632449365684,-0.14957697684396903
PRTAGE_C__6,0.05432144236632469,0.5971515149355641,0.0884339826403838,-0.4103125126624183,0.12139096656885198,-0.11510850665679478,0.12932876719745504,-0.15173346745891075,0.01695940444288225,0.11853104756843968,0.1407013413889429,-0.05381395038847283,-0.7055840937770181,0.7948840025050258,-0.38049377720582217,0.09851070831638613,-0.16189739490784205,0.0030575707762057753,0.03582092538154045,-0.032791376779184395,0.04585509052538462,-0.320563628658194,0.10905817838177663,-0.013971329448066012,-0.05731480083210194,0.04813229867152401,-0.02054686349245727,-0.12557829295945475,0.19580271415023168,-0.11618282053939587,0.19155953373492451,0.04353243852599387,0.30851934484908694,0.13275551170282113,0.3376930146009079,-0.17041200363823888,-0.07603750689488242,0.27148823114974135,0.2050479122245961,0.18502020973662908,-0.3875913535252765,0.22731508861901906,0.19502059459438484,0.10387874001392462,-0.2572752255530558,-0.003942594146000959,-0.09592089408016956,0.3003267903544963,-0.1901205239100655,0.1929948518812118
PRTAGE_C__7,0.3133847171941227,0.9927528593893864,0.22131564963672146,-0.32640285222427134,0.020058642622062514,-0.08113545802079021,0.15885488911986098,-0.04362196594443157,0.06770600848634135,0.12409625499095374,0.08690641732980263,-0.08916996122554473,-0.800445105356606,1.004217986558215,-0.7645122957251189,0.12730999235437826,-0.5030514800855147,-0.07779205662527612,-0.0481346287267609,0.04174719200634754,0.6763446883310064,-0.22017114514207886,-0.02560267986051272,0.15805409298305623,-0.0365714098725982,-0.23797978985046941,-2.0034956541915845,-0.08212679011635969,0.4020777323573805,0.25085536765295297,-2.4245308221515858,0.43282030837583474,-0.8042610778762275,-0.00098952421417638,-0.5436600128384113,-0.19314393683482542,0.03818113847686641,-0.7409729361916088,-0.09642168242922686,-0.5305095020464697,0.19887015124927146,-0.2637656873276138,-0.15271204000315514,0.2043286098798824,0.4412652587936237,-0.14722575377767672,0.43200056239699014,-0.2555218832497372,0.03604022129141168,0.07518434042581376
